ComplainantID,CaseMasterID,ComplainantName,AgeYear,OccupationID,ReligionID,CasteID,GenderID
1,1,Santosh Shetty,60,5,2,5,1
2,2,Shankar Achar,50,4,6,1,1
3,3,Vijayalakshmi Gowda,55,9,3,2,2
4,4,Vani Poojary,60,5,3,3,2
5,5,Radha Fernandes,67,6,5,2,2
6,6,Yusuf Hegde,38,5,7,2,1
7,7,Manjunath Achar,26,6,1,2,1
8,8,Deepa Reddy,46,1,1,5,2
9,9,Yamuna Shetty,56,2,5,3,2
10,10,Arjun Kumar,54,3,6,3,1
11,11,Ullas Kumar,55,6,5,2,1
12,12,Meena Reddy,35,6,7,2,2
13,13,Roopa Sheikh,35,8,3,5,2
14,14,Vani Poojary,67,1,1,2,2
15,15,Nandini Kumar,30,11,4,3,2
16,16,Yogesh Kumar,39,4,4,3,1
17,17,Harish Shetty,67,5,5,1,1
18,18,Basavaraj Reddy,63,5,6,3,1
19,19,Venkatesh Hegde,68,9,1,5,1
20,20,Shwetha Kumar,42,11,2,2,2
21,21,Nataraj Poojary,46,5,6,5,1
22,22,Naveen Shetty,56,2,1,4,1
23,23,Santosh Patil,52,11,5,1,1
24,24,Ravi Poojary,39,9,3,2,1
25,25,Jagadish Hegde,28,4,2,4,1
26,26,Gopal Hegde,19,6,5,4,1
27,27,Shwetha Kumar,60,9,5,3,2
28,28,Anthony Gowda,46,8,3,3,1
29,29,Vani Reddy,42,4,5,5,2
30,30,Prakash Naik,48,3,2,5,1
31,31,Venkatesh Kumar,27,3,7,4,1
32,32,Kavya Setty,47,4,7,2,2
33,33,Basavaraj Khan,57,1,4,4,1
34,34,Raghu Khan,43,5,2,5,1
35,35,Usha Poojary,45,1,5,5,2
36,36,Vijayalakshmi Naik,56,4,6,3,2
37,37,Pooja Patil,45,7,1,3,2
38,38,Yamuna Shetty,38,11,6,3,2
39,39,Gopal Khan,49,2,3,4,1
40,40,Yusuf Patil,55,1,2,5,1
41,41,Om Nair,60,2,5,3,1
42,42,Pooja Hegde,60,10,5,1,2
43,43,Santosh Poojary,28,9,4,5,1
44,44,Usha Fernandes,35,9,7,3,2
45,45,Lokesh Shetty,49,2,7,2,1
46,46,Venkatesh Gowda,25,8,7,2,1
47,47,Vinay Nair,24,6,1,5,1
48,48,Anitha Naik,23,6,7,5,2
49,49,Imran Naik,60,1,2,4,1
50,50,Usha Kumar,63,3,4,1,2
51,51,Yogesh Hegde,64,6,1,5,1
52,52,Ravi Khan,42,5,6,4,1
53,53,Suresh Sheikh,50,4,6,4,1
54,54,Vijayalakshmi Achar,41,1,6,4,2
55,55,Arjun Achar,31,11,7,5,1
56,56,Imran Achar,61,1,4,4,1
57,57,Harish Kumar,20,9,7,1,1
58,58,Suresh Gowda,45,9,2,5,1
59,59,Iqbal Sheikh,34,4,1,5,1
60,60,Gopal Setty,52,7,4,3,1
61,61,Ravi Khan,63,5,4,5,1
62,62,Vinay Achar,61,10,3,5,1
63,63,Mahesh Hegde,33,6,4,2,1
64,64,Fatima Rao,47,2,3,1,2
65,65,Yusuf Poojary,43,3,2,4,1
66,66,Pooja Poojary,53,10,5,1,2
67,67,Iqbal Patil,36,1,5,3,1
68,68,Radha Reddy,22,10,1,2,2
69,69,Yogesh Hegde,63,7,7,1,1
70,70,Manjunath Gowda,51,2,2,4,1
71,71,Thimmaiah Hegde,19,9,5,3,1
72,72,Nandini Achar,37,8,2,5,2
73,73,Nandini Hegde,32,4,3,3,2
74,74,Jagadish Achar,59,11,5,2,1
75,75,Kavya Naik,37,7,4,4,2
76,76,Arjun Patil,50,9,3,3,1
77,77,Vani Kumar,67,2,2,2,2
78,78,Yusuf Achar,20,5,3,2,1
79,79,Anthony Kumar,48,7,5,4,1
80,80,Iqbal Rao,23,11,5,5,1
81,81,Nandini Gowda,31,3,6,4,2
82,82,Ayesha Setty,19,7,7,5,2
83,83,Naveen Sheikh,59,3,5,4,1
84,84,Sowmya Hegde,32,4,4,5,2
85,85,Shwetha Kumar,61,6,7,5,2
86,86,Shankar Gowda,48,5,4,3,1
87,87,Venkatesh Naik,36,10,7,4,1
88,88,Santosh Khan,45,7,2,1,1
89,89,Yusuf Naik,58,1,3,3,1
90,90,Nataraj Poojary,19,5,1,5,1
91,91,Shankar Nair,36,6,6,2,1
92,92,Basavaraj Naik,68,1,2,2,1
93,93,Shankar Achar,50,6,4,4,1
94,94,Zameer Patil,42,11,5,4,1
95,95,Vijayalakshmi Shetty,51,6,1,2,2
96,96,Vijayalakshmi Hegde,61,11,7,5,2
97,97,Shankar Poojary,68,4,7,3,1
98,98,Radha Gowda,29,8,3,5,2
99,99,Gopal Hegde,64,4,5,1,1
100,100,Triveni Naik,42,9,3,3,2
101,101,Ravi Setty,44,4,3,4,1
102,102,Triveni Achar,67,3,6,4,2
103,103,Imran Naik,20,8,6,5,1
104,104,Zeenath Hegde,30,11,6,3,2
105,105,Deepa Poojary,56,8,6,2,2
106,106,Sunitha Fernandes,67,11,3,3,2
107,107,Chandru Poojary,57,1,7,2,1
108,108,Ayesha Sheikh,34,6,6,2,2
109,109,Ayesha Setty,66,8,7,2,2
110,110,Sowmya Poojary,48,9,3,4,2
111,111,Jagadish Rao,20,2,3,3,1
112,112,Deepa Shetty,54,7,6,5,2
113,113,Roopa Poojary,47,2,3,2,2
114,114,Fatima Hegde,56,4,1,4,2
115,115,Pooja Achar,62,9,1,1,2
116,116,Roopa Khan,38,4,6,5,2
117,117,Ayesha Shetty,53,6,4,2,2
118,118,Yogesh Shetty,37,3,5,1,1
119,119,Zeenath Kumar,30,6,2,3,2
120,120,Suresh Fernandes,40,9,6,5,1
121,121,Arjun Khan,63,11,7,3,1
122,122,Triveni Patil,32,10,5,3,2
123,123,Krishna Poojary,61,1,2,1,1
124,124,Jagadish Achar,43,10,6,3,1
125,125,Latha Patil,55,9,1,3,2
126,126,Vani Poojary,67,8,6,1,2
127,127,Anthony Kumar,52,7,5,4,1
128,128,Gopal Fernandes,37,3,1,3,1
129,129,Gopal Shetty,26,7,1,4,1
130,130,Manjunath Rao,51,10,5,5,1
131,131,Harish Kumar,66,4,3,1,1
132,132,Anitha Naik,55,4,2,3,2
133,133,Mahesh Reddy,58,10,1,5,1
134,134,Vijayalakshmi Nair,51,6,4,2,2
135,135,Fatima Poojary,61,8,1,4,2
136,136,Anitha Setty,41,2,2,4,2
137,137,Kavya Rao,62,3,6,1,2
138,138,Zameer Fernandes,25,6,1,5,1
139,139,Om Reddy,37,4,4,1,1
140,140,Thimmaiah Poojary,24,4,2,1,1
141,141,Venkatesh Naik,26,6,3,5,1
142,142,Vinay Kumar,26,1,5,3,1
143,143,Latha Poojary,53,2,1,5,2
144,144,Lokesh Achar,55,7,2,2,1
145,145,Imran Poojary,24,8,5,2,1
146,146,Sowmya Sheikh,27,11,5,5,2
147,147,Vinay Naik,32,4,6,5,1
148,148,Radha Setty,36,2,1,5,2
149,149,Imran Fernandes,29,1,5,3,1
150,150,Jagadish Patil,52,10,3,1,1
151,151,Manjunath Fernandes,27,8,4,2,1
152,152,Fatima Reddy,52,6,2,2,2
153,153,Arjun Rao,62,4,1,5,1
154,154,Nandini Kumar,45,10,7,1,2
155,155,Venkatesh Gowda,25,3,4,1,1
156,156,Puneeth Poojary,49,9,3,3,1
157,157,Yogesh Fernandes,60,8,5,4,1
158,158,Basavaraj Gowda,57,5,1,3,1
159,159,Sunitha Hegde,20,11,1,2,2
160,160,Puneeth Setty,35,1,7,1,1
161,161,Iqbal Nair,50,3,2,2,1
162,162,Yogesh Sheikh,39,4,2,5,1
163,163,Shwetha Kumar,35,2,5,4,2
164,164,Suresh Sheikh,67,6,4,1,1
165,165,Raghu Kumar,64,1,2,4,1
166,166,Nataraj Poojary,49,11,1,4,1
167,167,Usha Achar,56,9,7,3,2
168,168,Ravi Reddy,65,8,4,5,1
169,169,Fatima Naik,27,2,1,3,2
170,170,Arjun Nair,31,6,6,2,1
171,171,Radha Nair,31,11,5,5,2
172,172,Latha Naik,55,8,6,3,2
173,173,Vani Rao,31,8,6,1,2
174,174,Naveen Khan,68,9,5,3,1
175,175,Ayesha Shetty,51,4,4,5,2
176,176,Ravi Fernandes,49,11,3,5,1
177,177,Prakash Khan,61,11,2,2,1
178,178,Raghu Achar,24,2,6,4,1
179,179,Usha Shetty,43,1,2,5,2
180,180,Nataraj Sheikh,64,4,6,1,1
181,181,Yamuna Achar,44,3,6,5,2
182,182,Radha Achar,54,10,3,5,2
183,183,Om Poojary,43,10,2,2,1
184,184,Deepa Kumar,30,3,3,2,2
185,185,Lokesh Fernandes,58,11,4,5,1
186,186,Basavaraj Setty,59,4,5,5,1
187,187,Mahesh Sheikh,35,6,7,3,1
188,188,Meena Hegde,36,4,6,2,2
189,189,Sowmya Kumar,28,8,7,1,2
190,190,Sunitha Nair,29,1,6,4,2
191,191,Deepa Reddy,46,5,1,5,2
192,192,Deepa Naik,27,10,2,2,2
193,193,Shwetha Sheikh,40,6,3,3,2
194,194,Vani Setty,36,6,1,3,2
195,195,Vijayalakshmi Setty,52,3,6,3,2
196,196,Zameer Sheikh,38,1,1,3,1
197,197,Vijayalakshmi Nair,63,9,6,2,2
198,198,Pooja Rao,31,3,4,1,2
199,199,Ayesha Gowda,44,9,1,3,2
200,200,Arjun Sheikh,51,2,3,5,1
201,201,Meena Rao,22,3,1,3,2
202,202,Vani Fernandes,68,6,6,2,2
203,203,Gopal Gowda,30,4,6,4,1
204,204,Ullas Achar,20,1,3,3,1
205,205,Prakash Khan,31,9,1,2,1
206,206,Nandini Nair,31,4,1,3,2
207,207,Iqbal Gowda,68,7,2,3,1
208,208,Vani Setty,61,5,4,2,2
209,209,Gopal Gowda,57,2,1,5,1
210,210,Kavya Kumar,29,11,5,5,2
211,211,Ayesha Rao,64,3,4,1,2
212,212,Puneeth Khan,19,5,5,3,1
213,213,Sowmya Naik,28,11,3,4,2
214,214,Iqbal Naik,39,10,5,4,1
215,215,Om Poojary,44,9,6,4,1
216,216,Latha Sheikh,23,11,3,3,2
217,217,Yogesh Rao,28,3,3,4,1
218,218,Meena Setty,28,4,3,3,2
219,219,Deepa Nair,31,1,7,5,2
220,220,Chandru Sheikh,64,2,3,1,1
221,221,Manjunath Patil,35,1,3,3,1
222,222,Usha Hegde,19,7,1,4,2
223,223,Sunitha Poojary,34,4,4,4,2
224,224,Gopal Setty,26,8,2,1,1
225,225,Santosh Rao,44,10,7,5,1
226,226,Krishna Patil,56,8,1,4,1
227,227,Arjun Setty,52,10,3,5,1
228,228,Krishna Rao,25,10,6,5,1
229,229,Suresh Achar,35,8,4,4,1
230,230,Meena Reddy,35,8,7,5,2
231,231,Vijayalakshmi Poojary,63,3,6,4,2
232,232,Prakash Hegde,43,10,5,1,1
233,233,Ullas Shetty,27,11,4,1,1
234,234,Venkatesh Kumar,54,9,4,3,1
235,235,Pooja Naik,20,2,5,3,2
236,236,Naveen Patil,55,6,1,3,1
237,237,Ullas Setty,63,3,5,2,1
238,238,Om Hegde,67,10,6,1,1
239,239,Radha Nair,62,9,5,5,2
240,240,Vinay Naik,33,4,6,5,1
241,241,Meena Poojary,62,6,4,3,2
242,242,Ayesha Poojary,33,5,2,1,2
243,243,Ayesha Sheikh,31,7,2,1,2
244,244,Nandini Poojary,30,4,3,4,2
245,245,Ayesha Reddy,52,4,2,3,2
246,246,Latha Sheikh,60,6,6,2,2
247,247,Deepa Khan,19,10,4,3,2
248,248,Ullas Gowda,42,5,6,2,1
249,249,Chandru Reddy,29,7,6,3,1
250,250,Imran Shetty,38,2,3,1,1
251,251,Sowmya Naik,41,4,3,4,2
252,252,Shankar Khan,53,1,7,3,1
253,253,Santosh Achar,53,6,7,3,1
254,254,Krishna Poojary,42,7,1,5,1
255,255,Sunitha Kumar,21,11,3,5,2
256,256,Roopa Setty,67,3,4,5,2
257,257,Manjunath Khan,53,6,2,4,1
258,258,Nandini Poojary,63,1,2,5,2
259,259,Naveen Reddy,38,11,7,3,1
260,260,Deepa Naik,62,1,1,5,2
261,261,Manjunath Naik,34,11,6,4,1
262,262,Pooja Poojary,23,10,3,1,2
263,263,Krishna Hegde,31,3,4,1,1
264,264,Zeenath Sheikh,32,4,6,4,2
265,265,Yusuf Nair,61,6,5,3,1
266,266,Nataraj Setty,49,11,4,4,1
267,267,Shankar Shetty,53,11,1,4,1
268,268,Kavya Khan,35,6,2,1,2
269,269,Yusuf Patil,62,6,6,5,1
270,270,Venkatesh Rao,35,10,5,3,1
271,271,Sunitha Poojary,21,5,6,3,2
272,272,Vijayalakshmi Fernandes,56,8,5,4,2
273,273,Anitha Sheikh,68,5,2,2,2
274,274,Iqbal Poojary,24,3,4,5,1
275,275,Nandini Khan,52,11,6,1,2
276,276,Yusuf Setty,58,2,7,3,1
277,277,Arjun Fernandes,35,6,3,1,1
278,278,Yusuf Sheikh,55,3,5,1,1
279,279,Pooja Reddy,53,5,7,5,2
280,280,Ravi Shetty,63,8,5,4,1
281,281,Triveni Fernandes,20,2,3,4,2
282,282,Triveni Shetty,51,3,5,1,2
283,283,Meena Patil,44,3,4,3,2
284,284,Thimmaiah Hegde,52,2,3,3,1
285,285,Meena Sheikh,49,6,2,1,2
286,286,Raghu Reddy,28,7,3,1,1
287,287,Arjun Rao,34,10,2,1,1
288,288,Puneeth Patil,44,2,4,4,1
289,289,Sowmya Achar,44,2,3,2,2
290,290,Venkatesh Kumar,34,5,3,1,1
291,291,Yamuna Reddy,46,3,3,4,2
292,292,Meena Fernandes,63,5,7,2,2
293,293,Radha Poojary,48,10,7,2,2
294,294,Harish Nair,40,5,4,5,1
295,295,Kavya Khan,19,11,6,4,2
296,296,Shwetha Setty,26,6,7,3,2
297,297,Venkatesh Gowda,28,7,5,1,1
298,298,Triveni Khan,40,4,1,1,2
299,299,Sunitha Kumar,25,4,2,1,2
300,300,Usha Kumar,25,4,4,3,2
301,301,Kavya Rao,30,4,7,1,2
302,302,Shwetha Rao,41,2,4,1,2
303,303,Imran Poojary,21,8,3,2,1
304,304,Anthony Poojary,56,1,3,2,1
305,305,Chandru Kumar,48,6,3,2,1
306,306,Zameer Fernandes,57,5,5,2,1
307,307,Om Nair,31,11,4,5,1
308,308,Shwetha Fernandes,67,7,7,3,2
309,309,Usha Gowda,59,5,3,4,2
310,310,Yamuna Fernandes,19,7,2,4,2
311,311,Roopa Achar,61,8,4,4,2
312,312,Roopa Setty,63,4,6,4,2
313,313,Chandru Patil,68,3,6,2,1
314,314,Sowmya Gowda,67,5,5,2,2
315,315,Ullas Khan,33,5,6,5,1
316,316,Mahesh Sheikh,34,11,4,1,1
317,317,Sowmya Gowda,63,7,6,5,2
318,318,Anthony Rao,59,3,3,2,1
319,319,Yusuf Hegde,61,4,6,2,1
320,320,Suresh Gowda,65,11,5,5,1
321,321,Radha Nair,21,1,3,1,2
322,322,Nataraj Achar,37,3,3,4,1
323,323,Manjunath Setty,64,11,6,4,1
324,324,Lokesh Sheikh,53,7,5,1,1
325,325,Ayesha Setty,68,10,1,2,2
326,326,Triveni Rao,22,1,5,1,2
327,327,Nandini Sheikh,33,7,6,1,2
328,328,Ravi Sheikh,33,8,4,2,1
329,329,Prakash Fernandes,21,5,6,4,1
330,330,Anitha Kumar,19,10,2,4,2
331,331,Yusuf Kumar,30,3,7,5,1
332,332,Pooja Rao,61,9,2,1,2
333,333,Lokesh Setty,42,4,2,1,1
334,334,Shwetha Kumar,24,11,3,4,2
335,335,Suresh Sheikh,36,4,5,1,1
336,336,Venkatesh Sheikh,52,9,6,5,1
337,337,Nandini Patil,48,8,1,5,2
338,338,Puneeth Nair,26,6,6,5,1
339,339,Usha Naik,67,10,4,3,2
340,340,Santosh Naik,58,10,7,5,1
341,341,Usha Sheikh,31,11,5,1,2
342,342,Nataraj Khan,30,6,6,1,1
343,343,Arjun Patil,44,5,6,1,1
344,344,Santosh Kumar,41,1,2,5,1
345,345,Puneeth Patil,54,9,3,3,1
346,346,Kavya Poojary,19,1,4,1,2
347,347,Suresh Setty,67,7,3,4,1
348,348,Yogesh Achar,45,6,4,2,1
349,349,Yamuna Naik,55,9,6,3,2
350,350,Anthony Sheikh,42,9,3,4,1
351,351,Fatima Patil,33,6,1,3,2
352,352,Roopa Shetty,47,3,2,3,2
353,353,Roopa Hegde,23,1,6,3,2
354,354,Harish Achar,53,3,6,3,1
355,355,Jagadish Gowda,21,1,6,3,1
356,356,Prakash Naik,60,4,6,2,1
357,357,Vani Achar,67,3,1,3,2
358,358,Vijayalakshmi Setty,47,6,7,2,2
359,359,Arjun Gowda,44,7,7,5,1
360,360,Latha Achar,26,1,5,1,2
361,361,Sunitha Poojary,37,10,1,5,2
362,362,Venkatesh Poojary,26,7,6,3,1
363,363,Fatima Naik,62,7,5,5,2
364,364,Meena Nair,37,1,5,4,2
365,365,Ullas Shetty,67,10,2,1,1
366,366,Vijayalakshmi Naik,61,5,1,1,2
367,367,Nataraj Poojary,23,2,5,4,1
368,368,Prakash Fernandes,40,3,6,2,1
369,369,Triveni Fernandes,39,1,6,5,2
370,370,Yamuna Fernandes,30,11,7,3,2
371,371,Chandru Rao,34,2,6,3,1
372,372,Kavya Shetty,43,1,2,4,2
373,373,Vani Naik,64,10,6,1,2
374,374,Roopa Nair,56,9,1,3,2
375,375,Krishna Shetty,19,8,5,1,1
376,376,Venkatesh Sheikh,38,1,3,4,1
377,377,Basavaraj Kumar,29,4,4,5,1
378,378,Triveni Rao,33,9,4,2,2
379,379,Nataraj Sheikh,61,9,1,4,1
380,380,Kavya Shetty,56,2,4,5,2
381,381,Anthony Nair,56,5,2,4,1
382,382,Sunitha Patil,49,1,6,5,2
383,383,Deepa Naik,48,2,2,5,2
384,384,Prakash Gowda,55,4,5,3,1
385,385,Zeenath Kumar,37,7,4,2,2
386,386,Basavaraj Nair,53,2,4,1,1
387,387,Nandini Patil,57,7,4,3,2
388,388,Nandini Sheikh,55,7,4,2,2
389,389,Iqbal Nair,25,4,7,4,1
390,390,Zameer Rao,43,8,3,4,1
391,391,Vani Setty,33,8,2,3,2
392,392,Naveen Poojary,64,8,5,5,1
393,393,Vinay Shetty,26,7,1,1,1
394,394,Zeenath Nair,33,11,7,3,2
395,395,Basavaraj Shetty,39,8,1,2,1
396,396,Vijayalakshmi Khan,30,8,2,4,2
397,397,Prakash Fernandes,32,10,4,5,1
398,398,Jagadish Reddy,58,3,2,5,1
399,399,Jagadish Sheikh,54,7,7,3,1
400,400,Shwetha Gowda,20,6,1,2,2
401,401,Anitha Achar,46,2,7,4,2
402,402,Suresh Shetty,43,9,7,2,1
403,403,Vijayalakshmi Setty,60,10,2,4,2
404,404,Gopal Reddy,49,10,3,5,1
405,405,Nandini Nair,67,7,6,3,2
406,406,Vijayalakshmi Gowda,58,2,2,3,2
407,407,Anitha Kumar,38,8,3,4,2
408,408,Vijayalakshmi Gowda,26,10,1,1,2
409,409,Kavya Setty,62,9,2,4,2
410,410,Venkatesh Khan,31,5,7,3,1
411,411,Roopa Achar,20,9,5,4,2
412,412,Raghu Achar,62,10,4,3,1
413,413,Anthony Kumar,26,10,6,3,1
414,414,Iqbal Khan,44,4,4,4,1
415,415,Manjunath Fernandes,40,1,6,3,1
416,416,Sunitha Reddy,20,10,7,3,2
417,417,Fatima Reddy,62,4,6,3,2
418,418,Arjun Shetty,26,5,3,3,1
419,419,Suresh Kumar,46,8,3,3,1
420,420,Prakash Fernandes,22,9,4,1,1
421,421,Harish Setty,53,1,6,2,1
422,422,Yusuf Patil,32,6,1,3,1
423,423,Radha Hegde,42,4,6,4,2
424,424,Yamuna Shetty,62,6,4,3,2
425,425,Gopal Khan,62,6,4,1,1
426,426,Iqbal Poojary,44,2,5,2,1
427,427,Radha Naik,63,7,4,2,2
428,428,Manjunath Patil,54,7,7,5,1
429,429,Imran Shetty,59,8,7,4,1
430,430,Deepa Patil,61,9,2,1,2
431,431,Imran Rao,57,9,1,1,1
432,432,Iqbal Khan,52,8,5,3,1
433,433,Sunitha Khan,46,11,5,1,2
434,434,Suresh Nair,41,11,1,5,1
435,435,Ullas Hegde,20,9,7,3,1
436,436,Prakash Fernandes,21,1,1,1,1
437,437,Kavya Gowda,47,7,3,5,2
438,438,Triveni Hegde,43,6,6,1,2
439,439,Nandini Naik,40,11,5,4,2
440,440,Deepa Achar,59,7,6,3,2
441,441,Vinay Rao,47,9,7,4,1
442,442,Ravi Setty,53,11,3,3,1
443,443,Lokesh Kumar,50,1,7,2,1
444,444,Yamuna Patil,33,11,7,3,2
445,445,Thimmaiah Hegde,34,6,6,3,1
446,446,Krishna Setty,57,3,2,4,1
447,447,Yusuf Sheikh,61,4,3,4,1
448,448,Venkatesh Fernandes,49,6,6,2,1
449,449,Imran Patil,25,2,5,2,1
450,450,Shwetha Rao,58,8,3,2,2
451,451,Meena Kumar,40,6,5,2,2
452,452,Vani Fernandes,34,4,6,2,2
453,453,Raghu Rao,31,5,5,3,1
454,454,Vani Fernandes,25,1,5,2,2
455,455,Yogesh Naik,26,9,5,3,1
456,456,Sowmya Rao,32,2,1,4,2
457,457,Roopa Gowda,45,6,6,1,2
458,458,Sunitha Nair,43,5,5,4,2
459,459,Anitha Sheikh,27,8,3,1,2
460,460,Zameer Sheikh,52,4,5,3,1
461,461,Usha Naik,51,2,3,3,2
462,462,Raghu Reddy,43,1,2,1,1
463,463,Vijayalakshmi Setty,62,1,2,3,2
464,464,Nandini Achar,66,7,1,2,2
465,465,Lokesh Reddy,33,9,7,3,1
466,466,Puneeth Poojary,32,4,1,1,1
467,467,Ullas Gowda,60,4,4,4,1
468,468,Radha Reddy,42,3,2,2,2
469,469,Thimmaiah Hegde,35,3,5,2,1
470,470,Yamuna Khan,39,6,3,3,2
471,471,Shwetha Reddy,20,7,7,2,2
472,472,Triveni Sheikh,37,6,7,1,2
473,473,Zeenath Nair,28,8,4,1,2
474,474,Ravi Reddy,40,4,7,5,1
475,475,Chandru Nair,28,1,2,1,1
476,476,Usha Fernandes,32,1,1,1,2
477,477,Latha Reddy,34,5,1,2,2
478,478,Pooja Shetty,27,11,7,4,2
479,479,Venkatesh Patil,49,9,4,4,1
480,480,Santosh Nair,53,7,7,2,1
481,481,Puneeth Setty,52,10,1,2,1
482,482,Ayesha Kumar,44,5,3,2,2
483,483,Shwetha Poojary,67,2,6,1,2
484,484,Naveen Fernandes,41,11,2,2,1
485,485,Roopa Gowda,68,4,2,3,2
486,486,Chandru Rao,20,6,2,2,1
487,487,Chandru Nair,30,5,1,5,1
488,488,Yusuf Setty,28,7,1,2,1
489,489,Sowmya Naik,62,4,2,2,2
490,490,Iqbal Gowda,49,2,1,5,1
491,491,Pooja Poojary,56,2,7,4,2
492,492,Jagadish Reddy,55,1,1,4,1
493,493,Triveni Fernandes,58,11,7,3,2
494,494,Kavya Khan,37,9,1,4,2
495,495,Usha Patil,24,10,7,1,2
496,496,Chandru Hegde,31,8,6,2,1
497,497,Basavaraj Khan,51,10,4,5,1
498,498,Venkatesh Rao,52,2,5,4,1
499,499,Naveen Patil,21,3,4,1,1
500,500,Venkatesh Naik,54,6,3,1,1
501,501,Lokesh Khan,68,11,7,5,1
502,502,Ayesha Nair,33,1,2,4,2
503,503,Usha Patil,25,7,1,1,2
504,504,Usha Shetty,22,1,7,1,2
505,505,Fatima Patil,68,7,5,1,2
506,506,Pooja Shetty,45,10,1,5,2
507,507,Kavya Fernandes,41,10,5,2,2
508,508,Latha Sheikh,49,6,6,1,2
509,509,Ravi Kumar,32,5,2,3,1
510,510,Yogesh Fernandes,45,7,1,5,1
511,511,Yamuna Naik,40,11,1,5,2
512,512,Krishna Achar,56,4,3,3,1
513,513,Suresh Achar,58,11,5,2,1
514,514,Harish Kumar,56,1,1,2,1
515,515,Puneeth Setty,36,5,7,5,1
516,516,Nandini Shetty,21,7,1,1,2
517,517,Radha Achar,46,10,4,1,2
518,518,Vinay Poojary,56,11,1,1,1
519,519,Latha Nair,68,5,3,2,2
520,520,Anthony Naik,30,8,6,3,1
521,521,Vijayalakshmi Achar,28,2,5,2,2
522,522,Suresh Nair,56,6,1,3,1
523,523,Sunitha Hegde,20,9,5,5,2
524,524,Ravi Poojary,39,5,5,1,1
525,525,Sunitha Naik,36,2,1,3,2
526,526,Deepa Achar,47,2,5,4,2
527,527,Kavya Shetty,47,6,3,1,2
528,528,Harish Reddy,23,8,3,5,1
529,529,Nataraj Fernandes,41,5,4,2,1
530,530,Zeenath Poojary,55,1,1,5,2
531,531,Sowmya Fernandes,34,6,3,4,2
532,532,Deepa Gowda,30,4,2,2,2
533,533,Kavya Hegde,52,2,1,4,2
534,534,Suresh Reddy,44,10,6,3,1
535,535,Vani Hegde,46,6,1,4,2
536,536,Lokesh Gowda,49,1,7,4,1
537,537,Vijayalakshmi Fernandes,20,9,7,4,2
538,538,Radha Poojary,29,4,5,4,2
539,539,Venkatesh Achar,47,3,6,4,1
540,540,Imran Patil,21,11,4,2,1
541,541,Nandini Fernandes,59,10,1,2,2
542,542,Sowmya Kumar,68,1,5,3,2
543,543,Prakash Patil,57,2,3,5,1
544,544,Deepa Poojary,44,11,5,5,2
545,545,Santosh Nair,36,5,6,1,1
546,546,Vinay Sheikh,67,8,3,5,1
547,547,Meena Gowda,23,7,3,5,2
548,548,Yusuf Reddy,19,5,5,2,1
549,549,Sowmya Hegde,39,6,2,5,2
550,550,Kavya Fernandes,46,2,6,2,2
551,551,Krishna Poojary,40,3,4,3,1
552,552,Ayesha Kumar,41,3,3,1,2
553,553,Naveen Kumar,37,11,7,1,1
554,554,Imran Fernandes,59,6,4,2,1
555,555,Om Poojary,24,1,6,1,1
556,556,Zeenath Rao,48,4,4,3,2
557,557,Ayesha Kumar,51,1,7,2,2
558,558,Thimmaiah Poojary,33,4,7,3,1
559,559,Thimmaiah Rao,66,11,7,3,1
560,560,Chandru Patil,28,5,6,5,1
561,561,Deepa Achar,66,9,4,4,2
562,562,Fatima Shetty,65,2,2,1,2
563,563,Sowmya Hegde,39,3,5,1,2
564,564,Sunitha Setty,62,8,7,4,2
565,565,Suresh Hegde,34,7,5,4,1
566,566,Suresh Reddy,47,6,1,4,1
567,567,Naveen Reddy,34,3,7,3,1
568,568,Shwetha Hegde,28,8,6,2,2
569,569,Vani Achar,61,6,2,5,2
570,570,Kavya Gowda,59,10,1,1,2
571,571,Zeenath Fernandes,63,5,1,2,2
572,572,Deepa Patil,37,10,1,4,2
573,573,Vani Hegde,57,10,1,2,2
574,574,Suresh Setty,49,2,7,2,1
575,575,Zeenath Shetty,44,1,6,5,2
576,576,Triveni Hegde,25,7,6,3,2
577,577,Lokesh Hegde,39,10,6,4,1
578,578,Shwetha Fernandes,61,11,6,4,2
579,579,Yamuna Achar,50,4,5,5,2
580,580,Chandru Naik,21,6,5,5,1
581,581,Om Sheikh,25,11,2,1,1
582,582,Zeenath Fernandes,29,5,4,3,2
583,583,Triveni Achar,21,6,7,1,2
584,584,Prakash Poojary,19,7,5,3,1
585,585,Ravi Rao,54,6,5,3,1
586,586,Jagadish Setty,22,4,5,1,1
587,587,Vijayalakshmi Gowda,57,7,7,1,2
588,588,Anitha Kumar,48,7,3,4,2
589,589,Latha Rao,31,8,5,4,2
590,590,Ullas Kumar,43,2,4,3,1
591,591,Jagadish Poojary,40,9,4,4,1
592,592,Anitha Patil,59,1,1,2,2
593,593,Basavaraj Gowda,39,8,1,5,1
594,594,Yogesh Reddy,21,7,2,1,1
595,595,Shankar Fernandes,41,4,6,2,1
596,596,Vijayalakshmi Reddy,36,1,1,5,2
597,597,Imran Sheikh,54,10,2,1,1
598,598,Zeenath Fernandes,65,5,2,4,2
599,599,Naveen Naik,41,1,5,5,1
600,600,Triveni Khan,29,6,5,2,2
601,601,Pooja Rao,40,8,3,3,2
602,602,Yusuf Patil,28,3,1,2,1
603,603,Vani Poojary,65,5,6,2,2
604,604,Lokesh Poojary,46,1,6,1,1
605,605,Triveni Rao,35,8,6,3,2
606,606,Lokesh Naik,38,3,1,4,1
607,607,Thimmaiah Gowda,48,2,6,4,1
608,608,Roopa Poojary,59,11,5,2,2
609,609,Anitha Kumar,52,4,6,2,2
610,610,Nataraj Reddy,57,4,2,3,1
611,611,Ullas Naik,34,11,7,2,1
612,612,Santosh Sheikh,63,7,7,2,1
613,613,Shwetha Reddy,23,7,6,4,2
614,614,Sowmya Nair,67,5,5,3,2
615,615,Sowmya Khan,24,6,2,1,2
616,616,Roopa Poojary,68,4,1,3,2
617,617,Zameer Setty,41,6,7,2,1
618,618,Fatima Nair,24,10,1,1,2
619,619,Triveni Patil,53,2,3,1,2
620,620,Kavya Hegde,38,7,3,5,2
621,621,Prakash Khan,42,5,5,5,1
622,622,Ravi Gowda,49,2,4,1,1
623,623,Meena Gowda,24,3,7,3,2
624,624,Ayesha Shetty,61,11,2,5,2
625,625,Manjunath Hegde,61,2,4,2,1
626,626,Santosh Poojary,41,8,4,5,1
627,627,Yogesh Khan,37,2,5,4,1
628,628,Raghu Fernandes,37,1,3,1,1
629,629,Lokesh Poojary,63,3,2,2,1
630,630,Ravi Reddy,29,4,4,5,1
631,631,Usha Reddy,28,6,2,2,2
632,632,Triveni Fernandes,38,6,5,5,2
633,633,Yogesh Patil,29,4,3,3,1
634,634,Prakash Sheikh,58,3,7,3,1
635,635,Manjunath Khan,29,10,4,4,1
636,636,Gopal Khan,64,3,3,3,1
637,637,Roopa Poojary,37,11,2,1,2
638,638,Meena Achar,31,9,7,2,2
639,639,Vinay Khan,36,10,7,2,1
640,640,Yamuna Rao,62,3,7,1,2
641,641,Radha Gowda,22,11,2,4,2
642,642,Meena Reddy,23,5,3,4,2
643,643,Vinay Fernandes,54,10,7,2,1
644,644,Nataraj Poojary,36,3,1,2,1
645,645,Iqbal Naik,36,4,1,2,1
646,646,Arjun Kumar,25,4,1,4,1
647,647,Yusuf Khan,58,1,1,3,1
648,648,Ayesha Naik,59,3,1,1,2
649,649,Shankar Kumar,25,4,4,2,1
650,650,Naveen Kumar,53,5,2,2,1
651,651,Yamuna Nair,24,2,1,4,2
652,652,Meena Achar,54,7,3,4,2
653,653,Anthony Gowda,45,6,3,1,1
654,654,Zeenath Setty,35,9,1,5,2
655,655,Roopa Poojary,26,11,7,2,2
656,656,Pooja Poojary,59,8,7,4,2
657,657,Sunitha Nair,62,11,2,2,2
658,658,Lokesh Achar,65,7,5,1,1
659,659,Latha Rao,40,9,3,4,2
660,660,Roopa Naik,33,2,6,4,2
661,661,Thimmaiah Sheikh,64,4,7,4,1
662,662,Latha Shetty,44,11,6,4,2
663,663,Om Naik,36,9,7,2,1
664,664,Vinay Fernandes,38,4,4,1,1
665,665,Triveni Poojary,24,4,3,2,2
666,666,Ullas Setty,39,9,7,4,1
667,667,Roopa Gowda,20,10,6,3,2
668,668,Anitha Khan,60,11,2,4,2
669,669,Vani Fernandes,32,8,1,3,2
670,670,Meena Nair,36,8,7,1,2
671,671,Radha Fernandes,39,8,3,4,2
672,672,Manjunath Patil,23,1,4,4,1
673,673,Harish Poojary,21,5,7,4,1
674,674,Kavya Hegde,36,2,4,5,2
675,675,Usha Khan,25,4,2,4,2
676,676,Ayesha Shetty,49,11,4,5,2
677,677,Anthony Patil,22,7,7,2,1
678,678,Prakash Shetty,32,3,7,3,1
679,679,Deepa Patil,54,4,1,5,2
680,680,Shankar Naik,27,10,4,2,1
681,681,Vani Poojary,38,11,1,3,2
682,682,Gopal Sheikh,29,3,6,2,1
683,683,Mahesh Hegde,25,8,7,3,1
684,684,Kavya Achar,28,9,3,5,2
685,685,Fatima Shetty,37,3,2,4,2
686,686,Nataraj Nair,34,11,7,4,1
687,687,Om Patil,58,7,6,4,1
688,688,Nataraj Shetty,34,6,6,3,1
689,689,Latha Hegde,53,11,3,5,2
690,690,Lokesh Sheikh,27,8,6,5,1
691,691,Fatima Reddy,47,9,6,1,2
692,692,Yamuna Naik,55,8,6,1,2
693,693,Imran Nair,28,10,5,5,1
694,694,Vani Patil,68,4,2,3,2
695,695,Gopal Hegde,62,8,3,5,1
696,696,Suresh Rao,25,4,1,5,1
697,697,Sunitha Fernandes,49,10,7,2,2
698,698,Usha Shetty,45,2,1,5,2
699,699,Usha Hegde,41,2,6,1,2
700,700,Vinay Setty,34,9,3,2,1
701,701,Shwetha Rao,34,2,2,3,2
702,702,Sowmya Khan,33,2,4,3,2
703,703,Gopal Poojary,60,5,4,5,1
704,704,Sowmya Gowda,56,6,3,2,2
705,705,Triveni Naik,25,4,1,4,2
706,706,Lokesh Poojary,62,9,4,5,1
707,707,Imran Fernandes,50,2,2,5,1
708,708,Sowmya Fernandes,49,1,5,5,2
709,709,Suresh Shetty,44,2,5,2,1
710,710,Kavya Poojary,63,1,1,5,2
711,711,Zeenath Kumar,43,5,5,2,2
712,712,Roopa Shetty,58,11,5,3,2
713,713,Krishna Rao,33,3,4,5,1
714,714,Ayesha Shetty,24,2,4,1,2
715,715,Harish Fernandes,37,4,7,2,1
716,716,Anthony Setty,47,6,5,2,1
717,717,Mahesh Naik,40,4,1,3,1
718,718,Meena Hegde,24,3,1,4,2
719,719,Harish Kumar,55,8,6,5,1
720,720,Venkatesh Gowda,65,5,7,3,1
721,721,Vijayalakshmi Patil,28,9,1,5,2
722,722,Imran Patil,34,11,3,5,1
723,723,Vinay Sheikh,41,3,3,4,1
724,724,Anitha Khan,45,8,7,1,2
725,725,Suresh Achar,49,8,3,1,1
726,726,Roopa Poojary,51,2,6,2,2
727,727,Sunitha Poojary,37,2,2,1,2
728,728,Deepa Achar,21,9,5,3,2
729,729,Anitha Setty,36,4,2,3,2
730,730,Venkatesh Fernandes,43,7,1,1,1
731,731,Anitha Achar,29,1,7,4,2
732,732,Arjun Naik,58,2,7,2,1
733,733,Yamuna Shetty,24,6,7,5,2
734,734,Nandini Shetty,33,1,2,4,2
735,735,Triveni Patil,60,11,4,2,2
736,736,Latha Shetty,34,3,7,4,2
737,737,Vijayalakshmi Naik,59,9,3,3,2
738,738,Prakash Nair,43,5,6,4,1
739,739,Venkatesh Gowda,59,5,3,3,1
740,740,Anthony Kumar,51,4,4,2,1
741,741,Deepa Sheikh,59,11,1,4,2
742,742,Santosh Achar,33,3,1,3,1
743,743,Harish Gowda,21,5,2,2,1
744,744,Zameer Fernandes,47,1,3,1,1
745,745,Vijayalakshmi Hegde,47,10,1,2,2
746,746,Meena Naik,33,9,6,2,2
747,747,Meena Achar,47,10,4,1,2
748,748,Roopa Shetty,30,3,7,4,2
749,749,Nandini Hegde,43,5,6,5,2
750,750,Yusuf Gowda,61,9,2,3,1
751,751,Triveni Khan,20,9,3,4,2
752,752,Vinay Kumar,47,6,4,1,1
753,753,Anthony Naik,32,7,5,1,1
754,754,Manjunath Hegde,64,5,6,2,1
755,755,Arjun Fernandes,38,10,2,2,1
756,756,Prakash Hegde,31,5,7,5,1
757,757,Arjun Achar,26,11,2,3,1
758,758,Vijayalakshmi Setty,44,10,1,2,2
759,759,Usha Achar,24,4,2,5,2
760,760,Thimmaiah Rao,59,11,5,2,1
761,761,Roopa Hegde,53,11,5,2,2
762,762,Usha Khan,48,2,3,2,2
763,763,Iqbal Patil,51,6,6,4,1
764,764,Deepa Naik,34,11,3,2,2
765,765,Arjun Setty,19,4,6,4,1
766,766,Meena Patil,65,11,6,1,2
767,767,Deepa Kumar,57,6,3,1,2
768,768,Roopa Sheikh,27,9,2,3,2
769,769,Roopa Reddy,46,2,2,2,2
770,770,Deepa Sheikh,64,6,6,4,2
771,771,Radha Naik,48,3,5,5,2
772,772,Fatima Naik,68,3,6,2,2
773,773,Manjunath Rao,33,1,2,2,1
774,774,Ayesha Setty,20,9,5,2,2
775,775,Fatima Poojary,30,9,1,1,2
776,776,Prakash Sheikh,23,6,3,2,1
777,777,Anitha Rao,50,5,2,2,2
778,778,Naveen Poojary,44,4,1,2,1
779,779,Yamuna Setty,28,9,5,5,2
780,780,Zameer Fernandes,52,3,7,3,1
781,781,Iqbal Shetty,64,3,6,3,1
782,782,Puneeth Achar,58,8,1,4,1
783,783,Gopal Setty,61,7,3,1,1
784,784,Sunitha Rao,55,8,7,5,2
785,785,Ullas Hegde,31,4,5,1,1
786,786,Chandru Reddy,68,10,6,2,1
787,787,Deepa Patil,60,5,1,4,2
788,788,Mahesh Fernandes,61,8,7,1,1
789,789,Ravi Khan,54,1,3,1,1
790,790,Vani Poojary,56,1,4,5,2
791,791,Prakash Reddy,23,9,6,5,1
792,792,Ullas Gowda,31,4,1,4,1
793,793,Venkatesh Achar,64,9,4,3,1
794,794,Chandru Kumar,30,5,3,2,1
795,795,Ullas Fernandes,37,2,3,2,1
796,796,Arjun Khan,30,11,2,5,1
797,797,Venkatesh Fernandes,40,3,1,4,1
798,798,Puneeth Reddy,59,4,7,2,1
799,799,Krishna Kumar,45,5,7,5,1
800,800,Shankar Poojary,37,9,1,3,1
801,801,Raghu Hegde,64,7,5,3,1
802,802,Deepa Achar,36,6,5,3,2
803,803,Thimmaiah Fernandes,65,10,1,3,1
804,804,Jagadish Nair,55,7,4,4,1
805,805,Sunitha Shetty,29,7,4,1,2
806,806,Roopa Sheikh,53,11,5,5,2
807,807,Prakash Reddy,48,5,2,2,1
808,808,Deepa Sheikh,51,3,5,5,2
809,809,Sowmya Reddy,39,5,4,2,2
810,810,Thimmaiah Achar,59,5,6,5,1
811,811,Shankar Khan,63,9,5,3,1
812,812,Pooja Rao,46,8,1,3,2
813,813,Yamuna Achar,38,7,4,1,2
814,814,Chandru Reddy,58,10,3,5,1
815,815,Anthony Reddy,23,3,7,1,1
816,816,Meena Fernandes,50,5,4,1,2
817,817,Shwetha Hegde,32,9,1,3,2
818,818,Raghu Shetty,39,10,5,1,1
819,819,Ayesha Hegde,25,7,7,3,2
820,820,Suresh Naik,33,11,7,4,1
821,821,Radha Fernandes,22,5,1,1,2
822,822,Usha Achar,27,1,1,2,2
823,823,Meena Khan,20,7,7,2,2
824,824,Yogesh Nair,35,11,4,3,1
825,825,Shwetha Sheikh,25,2,6,1,2
826,826,Arjun Khan,22,8,6,2,1
827,827,Basavaraj Naik,37,1,2,2,1
828,828,Pooja Achar,49,9,5,3,2
829,829,Zameer Rao,34,1,6,4,1
830,830,Shwetha Reddy,22,10,7,3,2
831,831,Kavya Rao,50,2,7,4,2
832,832,Raghu Poojary,27,8,2,4,1
833,833,Naveen Achar,56,1,2,1,1
834,834,Harish Sheikh,41,7,5,5,1
835,835,Krishna Fernandes,68,10,4,4,1
836,836,Anitha Sheikh,52,9,5,5,2
837,837,Yusuf Reddy,62,3,4,1,1
838,838,Vani Shetty,35,8,4,4,2
839,839,Basavaraj Shetty,42,5,5,4,1
840,840,Yamuna Shetty,37,1,3,1,2
841,841,Meena Patil,41,4,4,4,2
842,842,Sunitha Poojary,54,2,3,4,2
843,843,Ayesha Gowda,28,7,7,5,2
844,844,Shankar Sheikh,55,11,3,4,1
845,845,Pooja Kumar,48,11,7,2,2
846,846,Chandru Nair,64,9,7,1,1
847,847,Radha Naik,29,9,3,4,2
848,848,Venkatesh Achar,60,9,5,2,1
849,849,Anitha Kumar,20,6,5,3,2
850,850,Lokesh Naik,45,3,3,2,1
851,851,Naveen Kumar,31,4,6,5,1
852,852,Triveni Gowda,48,8,2,2,2
853,853,Usha Fernandes,27,2,5,3,2
854,854,Kavya Hegde,37,5,1,4,2
855,855,Gopal Naik,21,11,6,4,1
856,856,Kavya Setty,22,7,7,4,2
857,857,Imran Fernandes,44,3,1,3,1
858,858,Triveni Sheikh,31,10,4,3,2
859,859,Fatima Fernandes,27,4,6,2,2
860,860,Ullas Hegde,63,6,7,4,1
861,861,Nandini Sheikh,31,7,4,3,2
862,862,Shwetha Kumar,32,11,6,1,2
863,863,Manjunath Nair,68,1,3,2,1
864,864,Lokesh Gowda,21,8,5,1,1
865,865,Deepa Kumar,45,3,2,1,2
866,866,Fatima Achar,50,8,4,2,2
867,867,Krishna Rao,28,6,4,5,1
868,868,Usha Shetty,29,8,4,4,2
869,869,Radha Rao,38,10,7,5,2
870,870,Venkatesh Hegde,38,8,7,2,1
871,871,Zeenath Setty,43,4,5,4,2
872,872,Roopa Khan,62,5,3,5,2
873,873,Thimmaiah Nair,46,9,2,5,1
874,874,Triveni Kumar,38,10,1,1,2
875,875,Santosh Achar,38,3,4,3,1
876,876,Anthony Nair,22,9,4,4,1
877,877,Yogesh Sheikh,56,6,7,1,1
878,878,Imran Khan,60,1,5,2,1
879,879,Nandini Poojary,32,1,1,4,2
880,880,Zameer Naik,50,3,7,5,1
881,881,Kavya Naik,42,5,5,5,2
882,882,Mahesh Patil,25,1,3,5,1
883,883,Zeenath Khan,49,8,1,1,2
884,884,Manjunath Fernandes,64,1,7,2,1
885,885,Kavya Khan,39,4,3,3,2
886,886,Anitha Shetty,65,4,1,2,2
887,887,Venkatesh Naik,57,3,1,1,1
888,888,Puneeth Naik,30,6,7,1,1
889,889,Latha Kumar,68,11,2,4,2
890,890,Vinay Poojary,46,5,4,2,1
891,891,Puneeth Nair,19,11,1,2,1
892,892,Lokesh Fernandes,36,4,6,1,1
893,893,Radha Shetty,29,7,5,3,2
894,894,Radha Reddy,40,6,2,1,2
895,895,Lokesh Khan,67,1,3,3,1
896,896,Puneeth Kumar,42,6,4,3,1
897,897,Ullas Achar,26,4,5,4,1
898,898,Anitha Gowda,21,11,3,4,2
899,899,Pooja Rao,26,3,1,5,2
900,900,Ravi Fernandes,49,10,2,1,1
901,901,Meena Patil,55,9,7,1,2
902,902,Yogesh Rao,35,10,7,5,1
903,903,Yogesh Patil,52,9,1,2,1
904,904,Sowmya Gowda,40,5,1,1,2
905,905,Vani Setty,67,10,3,1,2
906,906,Santosh Nair,35,1,3,5,1
907,907,Roopa Gowda,31,11,1,4,2
908,908,Imran Patil,42,9,1,4,1
909,909,Imran Setty,22,11,2,4,1
910,910,Zeenath Fernandes,38,4,7,4,2
911,911,Raghu Naik,19,11,5,2,1
912,912,Nandini Gowda,21,7,2,3,2
913,913,Anthony Shetty,26,5,2,3,1
914,914,Yamuna Reddy,41,10,5,3,2
915,915,Kavya Poojary,46,11,5,4,2
916,916,Harish Poojary,58,3,5,5,1
917,917,Nandini Patil,63,3,6,1,2
918,918,Ullas Shetty,33,4,2,5,1
919,919,Zeenath Reddy,66,8,1,4,2
920,920,Shwetha Fernandes,67,3,1,4,2
921,921,Shwetha Naik,64,4,3,1,2
922,922,Puneeth Setty,38,9,3,4,1
923,923,Manjunath Rao,26,1,2,1,1
924,924,Zeenath Naik,30,4,7,2,2
925,925,Prakash Kumar,47,6,1,4,1
926,926,Yogesh Patil,68,1,1,5,1
927,927,Latha Khan,46,2,4,3,2
928,928,Yogesh Kumar,68,2,5,4,1
929,929,Naveen Gowda,23,9,1,4,1
930,930,Vani Hegde,31,1,4,3,2
931,931,Thimmaiah Khan,65,4,4,5,1
932,932,Thimmaiah Shetty,20,5,1,4,1
933,933,Venkatesh Shetty,24,7,7,2,1
934,934,Shankar Setty,55,8,7,2,1
935,935,Ravi Nair,34,4,3,3,1
936,936,Santosh Achar,19,1,1,1,1
937,937,Arjun Hegde,39,9,3,2,1
938,938,Nandini Poojary,21,7,3,5,2
939,939,Anthony Reddy,28,9,4,4,1
940,940,Yogesh Fernandes,24,7,4,4,1
941,941,Pooja Sheikh,29,8,5,4,2
942,942,Meena Nair,65,5,3,1,2
943,943,Fatima Khan,52,9,4,1,2
944,944,Harish Gowda,45,5,1,4,1
945,945,Imran Setty,68,2,7,1,1
946,946,Manjunath Kumar,35,11,2,1,1
947,947,Zameer Hegde,54,4,3,4,1
948,948,Nataraj Achar,27,6,7,1,1
949,949,Gopal Rao,41,10,3,4,1
950,950,Yusuf Achar,62,4,1,4,1
951,951,Sowmya Kumar,21,7,4,5,2
952,952,Yogesh Rao,23,8,4,3,1
953,953,Usha Naik,46,9,6,2,2
954,954,Jagadish Kumar,19,10,3,2,1
955,955,Naveen Reddy,49,7,6,2,1
956,956,Zeenath Shetty,46,5,2,3,2
957,957,Chandru Hegde,30,2,1,3,1
958,958,Triveni Fernandes,21,1,5,2,2
959,959,Kavya Setty,44,3,1,3,2
960,960,Jagadish Reddy,51,11,2,1,1
961,961,Nandini Reddy,21,7,5,5,2
962,962,Vijayalakshmi Sheikh,57,9,5,1,2
963,963,Pooja Achar,57,1,6,4,2
964,964,Yusuf Naik,46,1,5,3,1
965,965,Ayesha Naik,64,6,5,2,2
966,966,Chandru Kumar,19,6,7,3,1
967,967,Sowmya Rao,51,10,2,4,2
968,968,Usha Achar,35,6,3,3,2
969,969,Shwetha Naik,35,8,3,1,2
970,970,Chandru Shetty,26,11,6,3,1
971,971,Thimmaiah Achar,44,11,2,3,1
972,972,Santosh Khan,50,5,7,2,1
973,973,Yusuf Nair,43,6,4,1,1
974,974,Radha Nair,25,3,5,1,2
975,975,Harish Reddy,30,10,7,4,1
976,976,Naveen Gowda,63,6,4,5,1
977,977,Usha Patil,24,5,6,2,2
978,978,Kavya Poojary,62,4,7,1,2
979,979,Arjun Khan,57,11,3,3,1
980,980,Krishna Fernandes,21,8,3,5,1
981,981,Sunitha Shetty,31,3,7,2,2
982,982,Anitha Hegde,39,4,7,2,2
983,983,Ayesha Khan,57,4,1,3,2
984,984,Manjunath Kumar,62,6,7,2,1
985,985,Santosh Nair,48,4,4,5,1
986,986,Jagadish Reddy,56,9,6,5,1
987,987,Radha Achar,41,7,7,5,2
988,988,Santosh Poojary,49,10,4,4,1
989,989,Pooja Kumar,54,6,5,3,2
990,990,Nataraj Naik,46,10,7,3,1
991,991,Krishna Fernandes,25,5,3,5,1
992,992,Manjunath Fernandes,25,3,5,2,1
993,993,Radha Khan,36,6,6,4,2
994,994,Om Setty,35,7,3,1,1
995,995,Sunitha Fernandes,36,3,3,5,2
996,996,Anthony Reddy,55,3,4,4,1
997,997,Thimmaiah Khan,65,11,5,4,1
998,998,Deepa Fernandes,48,7,1,1,2
999,999,Yogesh Khan,55,11,5,1,1
1000,1000,Raghu Naik,51,3,1,2,1
1001,1001,Raghu Sheikh,49,3,5,1,1
1002,1002,Ravi Patil,64,5,3,5,1
1003,1003,Yogesh Sheikh,54,11,4,4,1
1004,1004,Sunitha Shetty,59,11,4,4,2
1005,1005,Vinay Khan,28,8,6,4,1
1006,1006,Shwetha Nair,66,11,4,4,2
1007,1007,Raghu Khan,48,5,7,3,1
1008,1008,Ayesha Khan,44,1,2,3,2
1009,1009,Usha Achar,37,2,7,5,2
1010,1010,Ravi Patil,59,5,5,4,1
1011,1011,Yusuf Achar,57,1,2,3,1
1012,1012,Kavya Kumar,29,11,2,1,2
1013,1013,Basavaraj Kumar,43,11,7,4,1
1014,1014,Chandru Sheikh,22,10,5,2,1
1015,1015,Triveni Achar,19,1,7,5,2
1016,1016,Yusuf Achar,22,8,1,2,1
1017,1017,Sunitha Reddy,47,4,4,2,2
1018,1018,Nandini Shetty,60,9,5,4,2
1019,1019,Prakash Fernandes,30,9,4,4,1
1020,1020,Basavaraj Naik,56,10,1,2,1
1021,1021,Mahesh Khan,57,10,5,5,1
1022,1022,Nandini Kumar,28,4,1,1,2
1023,1023,Venkatesh Setty,58,9,5,4,1
1024,1024,Suresh Setty,30,3,4,2,1
1025,1025,Sunitha Naik,52,8,7,2,2
1026,1026,Vinay Khan,44,5,7,1,1
1027,1027,Lokesh Kumar,27,6,6,2,1
1028,1028,Shankar Reddy,59,3,3,5,1
1029,1029,Om Hegde,49,4,6,1,1
1030,1030,Venkatesh Fernandes,26,7,5,3,1
1031,1031,Pooja Nair,56,7,3,4,2
1032,1032,Radha Naik,34,6,5,3,2
1033,1033,Anitha Setty,39,9,6,1,2
1034,1034,Nataraj Nair,52,7,5,4,1
1035,1035,Deepa Achar,28,8,2,2,2
1036,1036,Yamuna Hegde,66,3,7,2,2
1037,1037,Vani Fernandes,43,7,4,5,2
1038,1038,Thimmaiah Naik,23,4,7,2,1
1039,1039,Usha Setty,29,11,1,3,2
1040,1040,Chandru Fernandes,35,2,5,1,1
1041,1041,Zameer Gowda,54,1,6,3,1
1042,1042,Imran Fernandes,55,1,6,1,1
1043,1043,Anitha Poojary,30,5,4,4,2
1044,1044,Imran Shetty,40,7,4,1,1
1045,1045,Ayesha Fernandes,52,1,4,1,2
1046,1046,Prakash Nair,37,6,2,1,1
1047,1047,Ravi Setty,34,8,1,4,1
1048,1048,Iqbal Kumar,40,10,5,4,1
1049,1049,Meena Nair,35,5,2,4,2
1050,1050,Thimmaiah Poojary,46,10,5,1,1
1051,1051,Vinay Shetty,63,6,3,2,1
1052,1052,Kavya Kumar,40,1,4,1,2
1053,1053,Usha Khan,50,4,6,4,2
1054,1054,Vijayalakshmi Nair,68,3,5,5,2
1055,1055,Mahesh Shetty,24,2,4,2,1
1056,1056,Vani Nair,48,1,4,1,2
1057,1057,Ayesha Reddy,37,3,4,3,2
1058,1058,Radha Kumar,67,9,2,4,2
1059,1059,Santosh Hegde,23,10,2,1,1
1060,1060,Anitha Patil,44,1,3,2,2
1061,1061,Venkatesh Hegde,28,11,7,5,1
1062,1062,Zeenath Gowda,37,11,3,5,2
1063,1063,Radha Fernandes,58,10,7,1,2
1064,1064,Roopa Shetty,30,6,7,4,2
1065,1065,Puneeth Fernandes,61,9,6,5,1
1066,1066,Sowmya Gowda,21,5,7,1,2
1067,1067,Radha Shetty,46,10,5,3,2
1068,1068,Fatima Patil,20,7,5,4,2
1069,1069,Chandru Shetty,29,6,2,1,1
1070,1070,Shankar Setty,67,1,1,2,1
1071,1071,Shwetha Nair,32,7,1,3,2
1072,1072,Suresh Khan,42,2,7,3,1
1073,1073,Vinay Naik,64,4,4,3,1
1074,1074,Santosh Patil,39,7,1,3,1
1075,1075,Krishna Naik,64,4,7,1,1
1076,1076,Arjun Sheikh,43,8,4,4,1
1077,1077,Vijayalakshmi Sheikh,56,3,5,3,2
1078,1078,Vani Poojary,22,7,1,4,2
1079,1079,Raghu Rao,55,5,7,4,1
1080,1080,Triveni Shetty,21,4,4,2,2
1081,1081,Ullas Khan,20,9,1,3,1
1082,1082,Anitha Poojary,40,2,6,2,2
1083,1083,Sowmya Naik,51,7,6,5,2
1084,1084,Meena Khan,34,8,1,3,2
1085,1085,Arjun Setty,62,4,3,5,1
1086,1086,Naveen Poojary,27,6,3,2,1
1087,1087,Imran Hegde,43,1,1,4,1
1088,1088,Usha Nair,42,3,1,3,2
1089,1089,Anthony Fernandes,68,2,3,5,1
1090,1090,Ayesha Rao,59,11,2,2,2
1091,1091,Meena Poojary,39,9,6,3,2
1092,1092,Kavya Khan,39,5,5,4,2
1093,1093,Shankar Kumar,46,1,7,5,1
1094,1094,Radha Hegde,39,6,3,3,2
1095,1095,Roopa Reddy,36,9,2,4,2
1096,1096,Zeenath Setty,58,6,6,3,2
1097,1097,Deepa Shetty,67,7,6,1,2
1098,1098,Meena Setty,39,3,4,2,2
1099,1099,Nataraj Shetty,43,3,2,1,1
1100,1100,Pooja Shetty,28,5,2,3,2
1101,1101,Om Nair,20,4,2,3,1
1102,1102,Lokesh Patil,48,2,3,2,1
1103,1103,Vijayalakshmi Naik,40,4,6,4,2
1104,1104,Yogesh Sheikh,66,2,2,1,1
1105,1105,Lokesh Kumar,41,9,2,4,1
1106,1106,Ayesha Shetty,29,6,5,1,2
1107,1107,Anthony Kumar,57,6,6,2,1
1108,1108,Om Hegde,33,9,6,3,1
1109,1109,Mahesh Reddy,42,11,7,1,1
1110,1110,Anthony Achar,52,9,5,4,1
1111,1111,Pooja Gowda,37,11,2,4,2
1112,1112,Puneeth Setty,26,1,1,1,1
1113,1113,Manjunath Hegde,54,7,1,1,1
1114,1114,Usha Setty,50,10,3,3,2
1115,1115,Arjun Rao,47,1,5,3,1
1116,1116,Yamuna Rao,55,8,4,4,2
1117,1117,Sunitha Gowda,61,4,7,1,2
1118,1118,Yogesh Kumar,27,2,6,1,1
1119,1119,Sowmya Khan,58,9,6,5,2
1120,1120,Basavaraj Poojary,33,7,6,5,1
1121,1121,Prakash Poojary,57,4,3,5,1
1122,1122,Sowmya Sheikh,25,1,1,5,2
1123,1123,Sunitha Poojary,33,9,4,4,2
1124,1124,Meena Hegde,54,4,4,4,2
1125,1125,Meena Fernandes,40,8,3,4,2
1126,1126,Shwetha Shetty,36,8,6,3,2
1127,1127,Nandini Nair,22,5,4,3,2
1128,1128,Sowmya Kumar,55,4,2,5,2
1129,1129,Triveni Setty,37,9,7,3,2
1130,1130,Chandru Gowda,57,7,3,1,1
1131,1131,Santosh Naik,54,7,5,4,1
1132,1132,Sowmya Poojary,26,11,4,3,2
1133,1133,Anthony Hegde,30,10,4,1,1
1134,1134,Shwetha Achar,62,7,7,4,2
1135,1135,Raghu Patil,44,4,6,2,1
1136,1136,Sunitha Kumar,59,1,2,5,2
1137,1137,Arjun Nair,35,5,1,4,1
1138,1138,Vani Naik,19,2,1,2,2
1139,1139,Anthony Khan,37,9,6,4,1
1140,1140,Deepa Poojary,58,5,3,3,2
1141,1141,Santosh Kumar,20,2,1,3,1
1142,1142,Venkatesh Khan,63,1,4,3,1
1143,1143,Nandini Fernandes,29,1,5,1,2
1144,1144,Zameer Rao,66,3,6,1,1
1145,1145,Yogesh Nair,57,9,4,2,1
1146,1146,Arjun Sheikh,27,3,3,3,1
1147,1147,Iqbal Khan,46,3,6,1,1
1148,1148,Shankar Setty,25,9,5,4,1
1149,1149,Vijayalakshmi Gowda,26,11,4,5,2
1150,1150,Vani Setty,39,10,7,5,2
1151,1151,Vinay Patil,29,2,5,5,1
1152,1152,Om Patil,19,4,7,4,1
1153,1153,Deepa Khan,23,3,7,1,2
1154,1154,Vijayalakshmi Hegde,44,7,7,2,2
1155,1155,Triveni Setty,60,7,3,1,2
1156,1156,Radha Setty,55,1,4,2,2
1157,1157,Arjun Hegde,61,11,7,5,1
1158,1158,Gopal Achar,62,3,5,1,1
1159,1159,Anitha Poojary,47,8,5,4,2
1160,1160,Ullas Rao,38,3,7,5,1
1161,1161,Fatima Rao,30,3,4,1,2
1162,1162,Vinay Hegde,57,9,2,5,1
1163,1163,Shankar Naik,44,6,6,4,1
1164,1164,Manjunath Khan,54,8,2,1,1
1165,1165,Usha Khan,42,7,3,3,2
1166,1166,Venkatesh Shetty,45,7,3,3,1
1167,1167,Manjunath Setty,30,11,2,5,1
1168,1168,Radha Patil,61,5,3,5,2
1169,1169,Yamuna Nair,44,6,6,3,2
1170,1170,Jagadish Sheikh,57,6,7,4,1
1171,1171,Usha Poojary,28,8,4,3,2
1172,1172,Naveen Poojary,23,1,7,2,1
1173,1173,Sowmya Fernandes,64,10,1,4,2
1174,1174,Zeenath Setty,56,8,7,1,2
1175,1175,Meena Khan,63,2,4,5,2
1176,1176,Lokesh Shetty,24,9,6,4,1
1177,1177,Triveni Setty,42,2,7,4,2
1178,1178,Shwetha Setty,42,2,3,4,2
1179,1179,Vani Kumar,42,2,2,2,2
1180,1180,Chandru Poojary,27,5,5,5,1
1181,1181,Nataraj Hegde,45,8,4,2,1
1182,1182,Nataraj Reddy,19,9,6,2,1
1183,1183,Meena Reddy,39,11,7,2,2
1184,1184,Suresh Achar,56,3,7,1,1
1185,1185,Prakash Gowda,36,1,5,4,1
1186,1186,Om Kumar,55,3,1,5,1
1187,1187,Prakash Reddy,46,2,6,4,1
1188,1188,Radha Poojary,60,11,7,2,2
1189,1189,Triveni Hegde,61,5,1,3,2
1190,1190,Zeenath Gowda,38,10,5,1,2
1191,1191,Basavaraj Achar,33,8,1,4,1
1192,1192,Suresh Kumar,62,11,1,1,1
1193,1193,Vinay Nair,31,4,4,2,1
1194,1194,Shwetha Sheikh,65,4,6,2,2
1195,1195,Arjun Kumar,39,10,3,4,1
1196,1196,Lokesh Shetty,56,3,7,4,1
1197,1197,Latha Rao,66,6,5,5,2
1198,1198,Anitha Achar,59,4,7,5,2
1199,1199,Zameer Nair,43,11,3,5,1
1200,1200,Vani Reddy,21,10,3,4,2
1201,1201,Zeenath Sheikh,27,5,4,2,2
1202,1202,Ayesha Nair,35,6,6,2,2
1203,1203,Sowmya Hegde,20,8,2,5,2
1204,1204,Latha Naik,57,4,7,3,2
1205,1205,Jagadish Reddy,58,10,2,3,1
1206,1206,Triveni Achar,31,1,6,5,2
1207,1207,Om Rao,50,10,7,1,1
1208,1208,Vinay Shetty,52,5,2,5,1
1209,1209,Usha Nair,56,6,6,2,2
1210,1210,Ullas Shetty,60,4,5,2,1
1211,1211,Zeenath Rao,29,3,1,4,2
1212,1212,Suresh Naik,60,4,1,1,1
1213,1213,Ullas Naik,68,10,2,1,1
1214,1214,Fatima Setty,19,10,2,1,2
1215,1215,Pooja Setty,61,7,5,4,2
1216,1216,Anthony Reddy,43,9,6,5,1
1217,1217,Venkatesh Setty,19,6,3,4,1
1218,1218,Imran Gowda,21,4,2,4,1
1219,1219,Ayesha Achar,55,4,6,1,2
1220,1220,Shwetha Khan,25,7,5,5,2
1221,1221,Santosh Shetty,43,2,2,4,1
1222,1222,Ullas Patil,30,8,7,2,1
1223,1223,Zeenath Hegde,45,4,6,5,2
1224,1224,Vijayalakshmi Kumar,67,11,3,3,2
1225,1225,Ullas Shetty,46,8,5,2,1
1226,1226,Krishna Gowda,39,2,2,3,1
1227,1227,Puneeth Fernandes,26,4,6,4,1
1228,1228,Yamuna Patil,63,9,4,1,2
1229,1229,Shankar Setty,52,8,7,5,1
1230,1230,Yamuna Achar,28,9,2,1,2
1231,1231,Raghu Poojary,24,11,7,4,1
1232,1232,Sunitha Reddy,46,1,3,2,2
1233,1233,Suresh Rao,24,2,3,4,1
1234,1234,Ayesha Hegde,34,2,2,4,2
1235,1235,Puneeth Kumar,47,7,5,1,1
1236,1236,Deepa Naik,31,2,5,1,2
1237,1237,Latha Fernandes,37,2,7,3,2
1238,1238,Fatima Kumar,61,4,7,4,2
1239,1239,Nandini Khan,64,6,4,5,2
1240,1240,Anthony Achar,67,3,4,4,1
1241,1241,Nataraj Naik,46,7,5,4,1
1242,1242,Deepa Sheikh,48,9,4,3,2
1243,1243,Mahesh Fernandes,30,9,6,3,1
1244,1244,Anitha Sheikh,22,8,4,3,2
1245,1245,Chandru Khan,57,11,4,3,1
1246,1246,Sunitha Khan,28,6,4,3,2
1247,1247,Santosh Shetty,67,9,2,2,1
1248,1248,Sunitha Poojary,55,4,5,3,2
1249,1249,Roopa Poojary,39,10,5,3,2
1250,1250,Deepa Sheikh,38,11,5,2,2
1251,1251,Ayesha Sheikh,63,7,7,4,2
1252,1252,Vijayalakshmi Kumar,64,5,4,5,2
1253,1253,Sowmya Gowda,47,3,3,4,2
1254,1254,Usha Khan,55,10,3,1,2
1255,1255,Mahesh Kumar,64,10,3,2,1
1256,1256,Krishna Setty,30,10,6,5,1
1257,1257,Radha Poojary,44,1,6,5,2
1258,1258,Anthony Gowda,47,11,7,1,1
1259,1259,Shwetha Khan,45,3,4,3,2
1260,1260,Ravi Nair,67,6,2,5,1
1261,1261,Lokesh Shetty,52,11,5,3,1
1262,1262,Pooja Reddy,50,9,5,3,2
1263,1263,Puneeth Setty,56,3,2,3,1
1264,1264,Harish Khan,32,9,7,4,1
1265,1265,Gopal Achar,32,1,5,4,1
1266,1266,Latha Gowda,31,9,5,4,2
1267,1267,Nandini Khan,50,9,5,2,2
1268,1268,Deepa Kumar,20,9,7,4,2
1269,1269,Naveen Kumar,54,3,7,1,1
1270,1270,Suresh Khan,45,6,5,2,1
1271,1271,Puneeth Khan,46,10,1,2,1
1272,1272,Ayesha Achar,36,10,6,1,2
1273,1273,Sowmya Fernandes,55,11,1,4,2
1274,1274,Krishna Poojary,61,3,6,1,1
1275,1275,Triveni Shetty,30,7,3,3,2
1276,1276,Radha Rao,22,8,6,4,2
1277,1277,Shwetha Achar,22,6,2,2,2
1278,1278,Jagadish Rao,26,3,6,1,1
1279,1279,Nandini Setty,51,8,2,5,2
1280,1280,Jagadish Poojary,51,1,7,3,1
1281,1281,Sowmya Poojary,65,10,4,3,2
1282,1282,Basavaraj Poojary,57,10,4,4,1
1283,1283,Yogesh Setty,31,2,4,5,1
1284,1284,Iqbal Naik,68,2,4,5,1
1285,1285,Yusuf Sheikh,57,10,1,3,1
1286,1286,Yusuf Achar,56,6,1,5,1
1287,1287,Latha Shetty,60,4,5,1,2
1288,1288,Chandru Hegde,51,6,1,3,1
1289,1289,Yusuf Reddy,43,2,2,2,1
1290,1290,Ayesha Poojary,21,11,6,1,2
1291,1291,Krishna Rao,58,1,4,4,1
1292,1292,Harish Gowda,34,7,3,3,1
1293,1293,Krishna Hegde,67,9,3,1,1
1294,1294,Arjun Setty,64,3,1,5,1
1295,1295,Meena Khan,61,1,5,5,2
1296,1296,Anthony Shetty,68,11,5,2,1
1297,1297,Vijayalakshmi Patil,62,8,5,1,2
1298,1298,Vani Naik,57,8,1,1,2
1299,1299,Gopal Achar,33,6,5,3,1
1300,1300,Vijayalakshmi Gowda,40,4,1,4,2
1301,1301,Basavaraj Setty,43,1,7,2,1
1302,1302,Ayesha Hegde,30,9,4,2,2
1303,1303,Nandini Fernandes,35,1,3,3,2
1304,1304,Ravi Reddy,30,4,3,3,1
1305,1305,Radha Gowda,65,9,1,1,2
1306,1306,Meena Patil,41,11,2,4,2
1307,1307,Deepa Patil,58,3,1,2,2
1308,1308,Anitha Khan,33,6,4,4,2
1309,1309,Mahesh Poojary,55,9,2,2,1
1310,1310,Yamuna Gowda,53,5,2,2,2
1311,1311,Zameer Sheikh,67,9,5,3,1
1312,1312,Shwetha Fernandes,53,3,6,4,2
1313,1313,Deepa Patil,66,1,3,2,2
1314,1314,Sunitha Kumar,63,3,1,4,2
1315,1315,Anitha Kumar,44,1,4,4,2
1316,1316,Zameer Fernandes,46,10,5,2,1
1317,1317,Deepa Patil,65,10,6,5,2
1318,1318,Thimmaiah Naik,35,5,2,2,1
1319,1319,Harish Achar,59,3,4,1,1
1320,1320,Yamuna Fernandes,51,6,4,2,2
1321,1321,Nandini Setty,65,10,6,1,2
1322,1322,Iqbal Hegde,38,10,2,5,1
1323,1323,Sowmya Gowda,38,3,5,4,2
1324,1324,Manjunath Gowda,23,8,5,2,1
1325,1325,Kavya Naik,20,8,3,1,2
1326,1326,Anitha Reddy,37,1,6,2,2
1327,1327,Meena Hegde,65,3,1,3,2
1328,1328,Anitha Patil,64,8,2,3,2
1329,1329,Anitha Khan,66,4,3,3,2
1330,1330,Latha Kumar,38,11,4,5,2
1331,1331,Thimmaiah Setty,24,6,3,4,1
1332,1332,Thimmaiah Sheikh,43,3,4,5,1
1333,1333,Roopa Nair,21,5,6,3,2
1334,1334,Usha Hegde,32,8,2,5,2
1335,1335,Yamuna Gowda,52,7,2,3,2
1336,1336,Radha Shetty,49,8,2,5,2
1337,1337,Arjun Achar,40,1,3,3,1
1338,1338,Nandini Khan,53,11,6,4,2
1339,1339,Harish Naik,49,5,1,1,1
1340,1340,Zameer Hegde,35,8,7,2,1
1341,1341,Roopa Nair,31,6,2,5,2
1342,1342,Yamuna Shetty,21,7,2,3,2
1343,1343,Puneeth Shetty,61,8,1,1,1
1344,1344,Raghu Hegde,57,1,5,5,1
1345,1345,Vinay Achar,39,1,7,2,1
1346,1346,Imran Kumar,26,5,1,2,1
1347,1347,Basavaraj Achar,44,8,1,4,1
1348,1348,Ayesha Rao,45,5,7,1,2
1349,1349,Vani Fernandes,57,10,6,1,2
1350,1350,Suresh Shetty,40,2,2,1,1
1351,1351,Shwetha Khan,64,9,7,5,2
1352,1352,Basavaraj Patil,37,5,6,3,1
1353,1353,Meena Reddy,23,5,3,3,2
1354,1354,Prakash Shetty,21,8,1,1,1
1355,1355,Arjun Rao,44,3,1,1,1
1356,1356,Arjun Hegde,45,6,5,2,1
1357,1357,Shankar Gowda,38,8,1,4,1
1358,1358,Naveen Setty,68,3,7,3,1
1359,1359,Radha Poojary,64,7,2,1,2
1360,1360,Mahesh Kumar,35,9,4,4,1
1361,1361,Jagadish Sheikh,52,1,6,2,1
1362,1362,Shwetha Nair,44,2,2,5,2
1363,1363,Gopal Khan,23,10,1,5,1
1364,1364,Anitha Reddy,49,8,3,1,2
1365,1365,Imran Gowda,34,8,3,4,1
1366,1366,Latha Kumar,46,11,6,5,2
1367,1367,Imran Nair,27,4,2,1,1
1368,1368,Om Kumar,34,2,5,2,1
1369,1369,Gopal Hegde,64,6,3,3,1
1370,1370,Lokesh Shetty,68,3,7,1,1
1371,1371,Lokesh Sheikh,24,9,2,5,1
1372,1372,Om Shetty,29,7,3,2,1
1373,1373,Yamuna Sheikh,43,1,6,5,2
1374,1374,Deepa Rao,37,9,3,4,2
1375,1375,Zeenath Patil,32,11,1,3,2
1376,1376,Latha Sheikh,27,8,1,2,2
1377,1377,Zeenath Setty,43,10,6,4,2
1378,1378,Meena Shetty,34,7,4,3,2
1379,1379,Naveen Khan,25,6,4,3,1
1380,1380,Anitha Rao,33,10,3,1,2
1381,1381,Thimmaiah Sheikh,51,8,6,5,1
1382,1382,Imran Kumar,37,8,3,2,1
1383,1383,Sowmya Patil,53,9,4,4,2
1384,1384,Triveni Shetty,44,6,4,2,2
1385,1385,Radha Shetty,64,1,5,2,2
1386,1386,Yamuna Shetty,22,6,4,5,2
1387,1387,Basavaraj Gowda,39,11,5,5,1
1388,1388,Iqbal Rao,66,3,4,1,1
1389,1389,Zameer Hegde,47,8,2,4,1
1390,1390,Iqbal Khan,61,5,2,1,1
1391,1391,Yamuna Fernandes,63,11,6,5,2
1392,1392,Lokesh Gowda,25,8,6,5,1
1393,1393,Usha Nair,57,2,7,4,2
1394,1394,Nandini Sheikh,51,9,5,2,2
1395,1395,Meena Khan,30,11,1,5,2
1396,1396,Arjun Reddy,20,1,2,3,1
1397,1397,Anthony Achar,42,8,4,2,1
1398,1398,Ravi Kumar,62,10,5,2,1
1399,1399,Naveen Patil,50,5,1,1,1
1400,1400,Latha Achar,42,4,3,2,2
1401,1401,Vijayalakshmi Fernandes,38,2,5,3,2
1402,1402,Lokesh Poojary,51,7,3,2,1
1403,1403,Arjun Hegde,44,8,1,3,1
1404,1404,Zeenath Naik,61,10,3,2,2
1405,1405,Nandini Gowda,47,7,2,2,2
1406,1406,Chandru Rao,22,4,7,3,1
1407,1407,Prakash Naik,36,2,6,5,1
1408,1408,Prakash Naik,36,9,3,5,1
1409,1409,Zeenath Naik,64,6,2,4,2
1410,1410,Santosh Patil,48,7,2,4,1
1411,1411,Anitha Shetty,30,7,5,1,2
1412,1412,Nataraj Sheikh,46,6,2,5,1
1413,1413,Gopal Naik,43,3,1,3,1
1414,1414,Arjun Setty,46,3,6,5,1
1415,1415,Gopal Setty,35,11,6,4,1
1416,1416,Lokesh Shetty,45,10,3,4,1
1417,1417,Nandini Patil,40,9,4,1,2
1418,1418,Thimmaiah Rao,51,7,7,1,1
1419,1419,Vijayalakshmi Naik,38,7,6,1,2
1420,1420,Prakash Shetty,32,6,6,3,1
1421,1421,Sunitha Gowda,45,3,7,2,2
1422,1422,Venkatesh Shetty,65,11,2,2,1
1423,1423,Kavya Poojary,68,11,4,5,2
1424,1424,Deepa Rao,31,6,2,4,2
1425,1425,Suresh Achar,63,3,4,5,1
1426,1426,Vinay Gowda,67,11,5,5,1
1427,1427,Sunitha Achar,29,4,3,1,2
1428,1428,Deepa Nair,66,8,2,5,2
1429,1429,Yamuna Nair,24,6,3,1,2
1430,1430,Naveen Rao,46,4,7,1,1
1431,1431,Ullas Shetty,36,3,2,2,1
1432,1432,Shwetha Hegde,40,3,1,3,2
1433,1433,Anitha Gowda,46,6,7,2,2
1434,1434,Iqbal Khan,22,1,2,3,1
1435,1435,Meena Sheikh,32,6,5,5,2
1436,1436,Basavaraj Patil,43,9,5,5,1
1437,1437,Anitha Khan,56,3,7,2,2
1438,1438,Zeenath Naik,29,7,4,2,2
1439,1439,Nataraj Sheikh,36,7,6,3,1
1440,1440,Harish Khan,37,2,2,2,1
1441,1441,Arjun Achar,20,7,3,1,1
1442,1442,Yamuna Hegde,50,11,2,5,2
1443,1443,Ullas Kumar,68,5,6,5,1
1444,1444,Ullas Rao,66,10,4,5,1
1445,1445,Vijayalakshmi Patil,68,8,2,5,2
1446,1446,Sunitha Fernandes,53,8,1,3,2
1447,1447,Fatima Gowda,25,5,6,2,2
1448,1448,Thimmaiah Fernandes,32,4,7,5,1
1449,1449,Anthony Patil,24,6,2,5,1
1450,1450,Pooja Poojary,31,6,1,4,2
1451,1451,Ayesha Reddy,57,4,6,3,2
1452,1452,Pooja Patil,32,11,2,5,2
1453,1453,Om Rao,21,5,1,5,1
1454,1454,Radha Fernandes,62,10,2,3,2
1455,1455,Prakash Nair,53,3,6,1,1
1456,1456,Kavya Poojary,44,11,1,3,2
1457,1457,Vani Reddy,45,3,6,4,2
1458,1458,Vinay Sheikh,56,1,4,2,1
1459,1459,Triveni Fernandes,45,5,6,4,2
1460,1460,Shankar Sheikh,31,1,3,5,1
1461,1461,Fatima Shetty,54,9,6,2,2
1462,1462,Ravi Nair,26,1,3,3,1
1463,1463,Lokesh Gowda,47,1,1,4,1
1464,1464,Shwetha Sheikh,31,6,2,5,2
1465,1465,Nandini Achar,19,1,4,2,2
1466,1466,Zeenath Achar,48,10,4,5,2
1467,1467,Vijayalakshmi Hegde,33,5,6,3,2
1468,1468,Zameer Achar,45,9,4,3,1
1469,1469,Raghu Nair,38,5,2,4,1
1470,1470,Shwetha Kumar,29,1,3,3,2
1471,1471,Ravi Setty,58,7,6,5,1
1472,1472,Fatima Rao,68,8,7,4,2
1473,1473,Vani Reddy,48,8,2,3,2
1474,1474,Jagadish Achar,67,3,2,2,1
1475,1475,Anitha Fernandes,22,6,1,2,2
1476,1476,Zameer Kumar,61,8,2,5,1
1477,1477,Radha Hegde,19,3,4,1,2
1478,1478,Triveni Patil,61,3,2,3,2
1479,1479,Naveen Khan,19,10,7,3,1
1480,1480,Venkatesh Kumar,28,8,1,4,1
1481,1481,Roopa Shetty,39,11,6,5,2
1482,1482,Basavaraj Shetty,63,6,4,3,1
1483,1483,Basavaraj Nair,29,3,2,5,1
1484,1484,Lokesh Achar,62,6,5,3,1
1485,1485,Om Gowda,45,1,6,5,1
1486,1486,Sunitha Fernandes,37,10,7,2,2
1487,1487,Yusuf Shetty,44,6,7,2,1
1488,1488,Mahesh Sheikh,65,11,5,2,1
1489,1489,Nandini Shetty,27,10,2,2,2
1490,1490,Prakash Nair,60,6,1,4,1
1491,1491,Anthony Poojary,46,1,7,5,1
1492,1492,Pooja Fernandes,24,4,7,1,2
1493,1493,Kavya Hegde,43,3,7,2,2
1494,1494,Om Khan,39,1,6,5,1
1495,1495,Fatima Khan,67,10,7,1,2
1496,1496,Meena Patil,34,9,7,2,2
1497,1497,Anitha Poojary,38,3,7,3,2
1498,1498,Iqbal Setty,32,10,7,1,1
1499,1499,Roopa Poojary,43,6,4,4,2
1500,1500,Puneeth Achar,38,6,6,1,1
1501,1501,Ravi Fernandes,30,1,1,5,1
1502,1502,Basavaraj Shetty,47,6,2,4,1
1503,1503,Shwetha Shetty,53,3,4,4,2
1504,1504,Vijayalakshmi Sheikh,61,11,6,2,2
1505,1505,Zameer Kumar,28,1,2,2,1
1506,1506,Radha Nair,59,3,7,3,2
1507,1507,Harish Poojary,58,3,6,1,1
1508,1508,Vijayalakshmi Reddy,20,1,6,3,2
1509,1509,Sunitha Naik,58,7,1,1,2
1510,1510,Venkatesh Naik,23,11,7,4,1
1511,1511,Radha Rao,29,5,1,1,2
1512,1512,Om Nair,51,11,6,1,1
1513,1513,Imran Fernandes,52,1,3,5,1
1514,1514,Arjun Shetty,55,6,6,4,1
1515,1515,Usha Khan,55,8,5,2,2
1516,1516,Raghu Shetty,48,2,5,5,1
1517,1517,Deepa Reddy,30,9,7,5,2
1518,1518,Fatima Setty,59,7,3,4,2
1519,1519,Ullas Rao,27,5,6,4,1
1520,1520,Latha Khan,25,7,4,2,2
1521,1521,Yogesh Patil,52,4,7,3,1
1522,1522,Anitha Gowda,58,3,3,3,2
1523,1523,Harish Reddy,61,2,5,4,1
1524,1524,Yamuna Fernandes,62,10,7,5,2
1525,1525,Sowmya Naik,34,3,7,2,2
1526,1526,Arjun Hegde,43,11,3,1,1
1527,1527,Sowmya Nair,42,11,7,1,2
1528,1528,Vani Naik,24,7,4,3,2
1529,1529,Yogesh Reddy,35,7,7,2,1
1530,1530,Imran Poojary,51,5,5,1,1
1531,1531,Meena Reddy,62,11,3,4,2
1532,1532,Gopal Gowda,68,2,3,3,1
1533,1533,Sunitha Khan,49,1,1,2,2
1534,1534,Pooja Setty,35,9,6,2,2
1535,1535,Deepa Rao,51,9,4,4,2
1536,1536,Shankar Reddy,52,8,5,2,1
1537,1537,Anitha Reddy,21,10,5,5,2
1538,1538,Manjunath Poojary,39,9,2,4,1
1539,1539,Basavaraj Sheikh,67,9,4,4,1
1540,1540,Yusuf Patil,50,4,7,3,1
1541,1541,Sowmya Setty,53,11,2,1,2
1542,1542,Prakash Khan,30,10,3,2,1
1543,1543,Suresh Nair,57,7,2,2,1
1544,1544,Harish Poojary,65,11,4,1,1
1545,1545,Sowmya Kumar,31,1,1,3,2
1546,1546,Harish Shetty,44,9,7,5,1
1547,1547,Raghu Setty,64,9,6,1,1
1548,1548,Roopa Sheikh,26,6,6,1,2
1549,1549,Prakash Fernandes,31,9,1,2,1
1550,1550,Kavya Shetty,46,9,5,2,2
1551,1551,Anthony Kumar,38,6,4,4,1
1552,1552,Latha Naik,36,7,6,2,2
1553,1553,Shwetha Sheikh,21,8,6,5,2
1554,1554,Radha Shetty,67,8,6,2,2
1555,1555,Yamuna Naik,37,5,2,5,2
1556,1556,Nandini Sheikh,29,5,4,4,2
1557,1557,Zameer Achar,42,7,5,5,1
1558,1558,Yamuna Kumar,47,1,2,4,2
1559,1559,Gopal Patil,23,5,7,3,1
1560,1560,Anitha Gowda,51,9,5,2,2
1561,1561,Fatima Fernandes,26,2,4,5,2
1562,1562,Gopal Fernandes,45,3,5,3,1
1563,1563,Vijayalakshmi Achar,38,11,4,5,2
1564,1564,Sunitha Nair,36,3,6,4,2
1565,1565,Yamuna Kumar,23,5,6,3,2
1566,1566,Prakash Shetty,19,7,2,2,1
1567,1567,Naveen Fernandes,32,1,3,2,1
1568,1568,Vani Kumar,45,10,6,4,2
1569,1569,Gopal Rao,42,6,4,5,1
1570,1570,Zameer Achar,64,11,4,2,1
1571,1571,Kavya Nair,24,11,6,4,2
1572,1572,Manjunath Setty,50,9,4,4,1
1573,1573,Deepa Rao,50,5,7,2,2
1574,1574,Pooja Fernandes,50,3,2,2,2
1575,1575,Mahesh Kumar,49,2,7,3,1
1576,1576,Lokesh Poojary,44,9,5,4,1
1577,1577,Vijayalakshmi Naik,56,3,1,3,2
1578,1578,Sunitha Rao,62,1,4,2,2
1579,1579,Sowmya Hegde,62,6,7,5,2
1580,1580,Ayesha Fernandes,44,8,3,1,2
1581,1581,Roopa Rao,58,5,5,2,2
1582,1582,Jagadish Rao,59,10,4,4,1
1583,1583,Suresh Sheikh,29,10,3,4,1
1584,1584,Latha Khan,54,7,6,3,2
1585,1585,Vinay Patil,20,5,5,3,1
1586,1586,Shankar Setty,22,1,4,1,1
1587,1587,Kavya Poojary,48,1,4,4,2
1588,1588,Mahesh Sheikh,27,1,4,3,1
1589,1589,Puneeth Shetty,63,8,2,4,1
1590,1590,Vinay Kumar,62,4,1,2,1
1591,1591,Ullas Shetty,65,6,5,3,1
1592,1592,Fatima Patil,19,2,6,1,2
1593,1593,Iqbal Sheikh,40,9,2,1,1
1594,1594,Ravi Achar,38,4,5,4,1
1595,1595,Krishna Khan,53,7,1,4,1
1596,1596,Meena Sheikh,21,2,1,4,2
1597,1597,Prakash Rao,27,6,6,1,1
1598,1598,Yamuna Gowda,41,9,1,3,2
1599,1599,Roopa Gowda,60,10,2,3,2
1600,1600,Pooja Rao,32,2,7,1,2
1601,1601,Om Khan,42,6,4,3,1
1602,1602,Zeenath Reddy,54,4,4,2,2
1603,1603,Venkatesh Patil,45,8,2,5,1
1604,1604,Naveen Shetty,41,5,4,3,1
1605,1605,Roopa Fernandes,32,4,7,5,2
1606,1606,Harish Naik,40,5,5,2,1
1607,1607,Vinay Setty,29,4,1,4,1
1608,1608,Vijayalakshmi Sheikh,55,1,7,3,2
1609,1609,Deepa Setty,23,7,3,3,2
1610,1610,Anitha Fernandes,27,1,7,3,2
1611,1611,Nataraj Kumar,26,2,6,5,1
1612,1612,Ayesha Poojary,62,9,6,4,2
1613,1613,Arjun Kumar,20,2,3,1,1
1614,1614,Ayesha Setty,49,1,3,4,2
1615,1615,Radha Sheikh,68,3,4,2,2
1616,1616,Pooja Achar,54,8,7,3,2
1617,1617,Chandru Sheikh,45,8,4,1,1
1618,1618,Gopal Shetty,19,1,3,5,1
1619,1619,Shwetha Naik,54,10,2,4,2
1620,1620,Sowmya Kumar,23,3,4,1,2
1621,1621,Naveen Achar,34,7,6,5,1
1622,1622,Venkatesh Rao,49,2,4,5,1
1623,1623,Radha Khan,38,11,5,5,2
1624,1624,Triveni Achar,19,3,6,4,2
1625,1625,Nandini Khan,24,11,5,5,2
1626,1626,Lokesh Hegde,63,5,1,3,1
1627,1627,Deepa Khan,66,7,2,4,2
1628,1628,Manjunath Reddy,21,1,7,2,1
1629,1629,Imran Setty,38,5,5,3,1
1630,1630,Mahesh Setty,64,10,3,1,1
1631,1631,Vani Setty,25,5,5,3,2
1632,1632,Sowmya Fernandes,22,7,7,4,2
1633,1633,Puneeth Achar,68,7,2,2,1
1634,1634,Pooja Poojary,35,6,1,5,2
1635,1635,Zeenath Nair,51,4,6,1,2
1636,1636,Venkatesh Patil,48,11,7,3,1
1637,1637,Sunitha Sheikh,32,4,4,2,2
1638,1638,Usha Fernandes,20,7,4,2,2
1639,1639,Usha Setty,39,4,4,1,2
1640,1640,Arjun Achar,43,11,5,1,1
1641,1641,Meena Khan,36,5,3,2,2
1642,1642,Raghu Reddy,50,10,2,5,1
1643,1643,Pooja Poojary,40,11,4,5,2
1644,1644,Jagadish Khan,43,9,3,5,1
1645,1645,Radha Rao,65,9,2,2,2
1646,1646,Anitha Sheikh,52,5,2,3,2
1647,1647,Usha Poojary,51,8,5,3,2
1648,1648,Yusuf Gowda,68,2,3,4,1
1649,1649,Nandini Achar,24,8,7,4,2
1650,1650,Puneeth Naik,59,3,3,2,1
1651,1651,Yogesh Fernandes,52,9,1,4,1
1652,1652,Gopal Setty,54,4,6,1,1
1653,1653,Prakash Fernandes,67,1,5,4,1
1654,1654,Mahesh Sheikh,64,11,7,5,1
1655,1655,Krishna Patil,62,4,5,2,1
1656,1656,Sunitha Reddy,31,11,4,3,2
1657,1657,Puneeth Hegde,40,3,1,4,1
1658,1658,Mahesh Khan,59,7,3,4,1
1659,1659,Raghu Patil,49,2,3,3,1
1660,1660,Shwetha Sheikh,57,5,7,2,2
1661,1661,Roopa Kumar,45,2,4,2,2
1662,1662,Krishna Fernandes,59,10,6,4,1
1663,1663,Venkatesh Rao,48,10,7,4,1
1664,1664,Ayesha Poojary,62,7,6,4,2
1665,1665,Yamuna Setty,53,1,6,2,2
1666,1666,Naveen Setty,68,4,3,3,1
1667,1667,Chandru Reddy,65,2,7,2,1
1668,1668,Vijayalakshmi Naik,57,2,6,2,2
1669,1669,Roopa Poojary,41,9,4,4,2
1670,1670,Prakash Achar,48,8,1,5,1
1671,1671,Anitha Poojary,37,4,7,5,2
1672,1672,Puneeth Fernandes,63,4,3,4,1
1673,1673,Venkatesh Achar,33,5,7,1,1
1674,1674,Yamuna Nair,24,11,6,1,2
1675,1675,Yamuna Kumar,48,8,4,3,2
1676,1676,Radha Setty,31,3,6,1,2
1677,1677,Nandini Shetty,50,2,2,1,2
1678,1678,Ullas Nair,67,3,1,3,1
1679,1679,Deepa Shetty,39,4,7,3,2
1680,1680,Nandini Rao,38,9,7,2,2
1681,1681,Nataraj Patil,32,10,6,1,1
1682,1682,Arjun Naik,27,4,4,3,1
1683,1683,Gopal Sheikh,49,8,6,4,1
1684,1684,Meena Poojary,37,10,2,2,2
1685,1685,Radha Setty,45,6,6,4,2
1686,1686,Raghu Poojary,23,11,6,5,1
1687,1687,Ullas Rao,28,9,2,3,1
1688,1688,Puneeth Sheikh,56,3,1,5,1
1689,1689,Kavya Gowda,39,3,4,3,2
1690,1690,Meena Fernandes,34,6,7,1,2
1691,1691,Radha Kumar,24,4,6,2,2
1692,1692,Ullas Hegde,30,11,1,5,1
1693,1693,Anitha Rao,27,8,1,3,2
1694,1694,Basavaraj Shetty,54,9,2,1,1
1695,1695,Meena Patil,19,11,1,5,2
1696,1696,Ayesha Naik,50,3,6,4,2
1697,1697,Thimmaiah Fernandes,24,11,4,4,1
1698,1698,Deepa Patil,47,2,4,5,2
1699,1699,Imran Reddy,32,5,3,5,1
1700,1700,Gopal Patil,22,5,6,3,1
1701,1701,Chandru Naik,60,10,5,1,1
1702,1702,Shwetha Patil,20,4,4,4,2
1703,1703,Om Rao,66,7,5,2,1
1704,1704,Radha Kumar,20,8,2,3,2
1705,1705,Sowmya Naik,46,4,7,4,2
1706,1706,Vijayalakshmi Poojary,51,2,3,4,2
1707,1707,Basavaraj Poojary,60,7,6,5,1
1708,1708,Nataraj Kumar,45,1,7,3,1
1709,1709,Radha Kumar,54,10,7,5,2
1710,1710,Suresh Fernandes,30,11,6,4,1
1711,1711,Chandru Hegde,32,11,7,3,1
1712,1712,Naveen Gowda,21,9,7,3,1
1713,1713,Mahesh Gowda,46,6,3,4,1
1714,1714,Nandini Naik,68,5,6,4,2
1715,1715,Jagadish Fernandes,62,9,6,2,1
1716,1716,Yamuna Kumar,32,9,5,5,2
1717,1717,Meena Achar,25,2,7,2,2
1718,1718,Deepa Gowda,47,4,5,3,2
1719,1719,Sowmya Nair,46,4,4,5,2
1720,1720,Imran Setty,34,9,5,2,1
1721,1721,Arjun Reddy,56,6,3,1,1
1722,1722,Meena Reddy,47,4,1,2,2
1723,1723,Imran Poojary,47,7,3,1,1
1724,1724,Shankar Patil,28,10,6,2,1
1725,1725,Suresh Kumar,34,5,6,5,1
1726,1726,Gopal Poojary,63,1,1,2,1
1727,1727,Ayesha Khan,57,6,5,1,2
1728,1728,Shwetha Reddy,23,6,1,2,2
1729,1729,Santosh Reddy,52,10,2,3,1
1730,1730,Krishna Patil,50,7,4,2,1
1731,1731,Yogesh Sheikh,48,8,3,4,1
1732,1732,Vinay Fernandes,63,8,5,1,1
1733,1733,Radha Patil,23,5,4,4,2
1734,1734,Nandini Achar,49,8,4,2,2
1735,1735,Basavaraj Setty,23,11,6,2,1
1736,1736,Fatima Kumar,41,6,3,2,2
1737,1737,Mahesh Reddy,66,11,5,3,1
1738,1738,Meena Patil,55,5,4,3,2
1739,1739,Sunitha Fernandes,55,10,1,2,2
1740,1740,Naveen Poojary,34,7,1,1,1
1741,1741,Ullas Kumar,44,8,1,2,1
1742,1742,Roopa Rao,53,5,2,3,2
1743,1743,Shwetha Nair,36,1,3,4,2
1744,1744,Imran Achar,51,9,4,1,1
1745,1745,Chandru Nair,22,6,2,3,1
1746,1746,Usha Patil,54,6,4,1,2
1747,1747,Usha Fernandes,57,10,5,2,2
1748,1748,Zeenath Sheikh,21,9,5,2,2
1749,1749,Meena Poojary,23,11,6,5,2
1750,1750,Krishna Naik,63,2,4,2,1
1751,1751,Yamuna Hegde,39,11,4,1,2
1752,1752,Triveni Sheikh,46,9,6,5,2
1753,1753,Chandru Hegde,29,11,5,2,1
1754,1754,Sowmya Khan,21,9,1,5,2
1755,1755,Triveni Sheikh,58,9,3,4,2
1756,1756,Anthony Kumar,49,1,4,1,1
1757,1757,Vani Khan,37,7,1,5,2
1758,1758,Vani Shetty,30,9,2,5,2
1759,1759,Vinay Gowda,26,11,7,3,1
1760,1760,Meena Sheikh,60,4,2,2,2
1761,1761,Zeenath Rao,40,2,2,1,2
1762,1762,Suresh Shetty,48,7,1,4,1
1763,1763,Chandru Fernandes,51,1,5,5,1
1764,1764,Naveen Rao,20,6,3,5,1
1765,1765,Vani Setty,60,3,4,2,2
1766,1766,Meena Hegde,41,11,2,1,2
1767,1767,Nandini Gowda,26,7,7,2,2
1768,1768,Krishna Nair,63,2,6,5,1
1769,1769,Fatima Gowda,48,8,1,2,2
1770,1770,Yamuna Patil,40,1,7,1,2
1771,1771,Arjun Gowda,52,10,2,2,1
1772,1772,Ayesha Nair,55,2,1,3,2
1773,1773,Deepa Shetty,36,5,3,2,2
1774,1774,Pooja Kumar,27,1,3,5,2
1775,1775,Roopa Nair,49,9,6,4,2
1776,1776,Chandru Shetty,23,2,1,5,1
1777,1777,Radha Poojary,20,5,1,1,2
1778,1778,Zeenath Patil,42,10,6,1,2
1779,1779,Santosh Naik,35,3,5,5,1
1780,1780,Yamuna Naik,55,10,6,4,2
1781,1781,Sunitha Sheikh,39,9,2,2,2
1782,1782,Sowmya Reddy,47,8,7,3,2
1783,1783,Om Gowda,19,6,4,3,1
1784,1784,Yamuna Shetty,38,1,7,2,2
1785,1785,Meena Shetty,57,9,6,2,2
1786,1786,Manjunath Hegde,60,6,6,4,1
1787,1787,Gopal Gowda,19,9,4,1,1
1788,1788,Vinay Setty,61,2,4,4,1
1789,1789,Krishna Hegde,47,3,5,2,1
1790,1790,Fatima Poojary,53,3,1,3,2
1791,1791,Ullas Rao,40,3,7,3,1
1792,1792,Chandru Reddy,30,7,5,3,1
1793,1793,Basavaraj Kumar,42,3,4,2,1
1794,1794,Deepa Achar,65,3,4,4,2
1795,1795,Om Shetty,65,10,3,3,1
1796,1796,Krishna Rao,32,2,5,1,1
1797,1797,Venkatesh Patil,22,2,3,1,1
1798,1798,Sowmya Kumar,55,2,5,4,2
1799,1799,Fatima Kumar,34,3,1,2,2
1800,1800,Triveni Setty,25,9,6,2,2
1801,1801,Zeenath Reddy,39,5,2,2,2
1802,1802,Jagadish Hegde,41,10,1,1,1
1803,1803,Latha Sheikh,48,11,6,2,2
1804,1804,Sunitha Achar,47,1,5,3,2
1805,1805,Vijayalakshmi Naik,41,8,7,3,2
1806,1806,Radha Kumar,41,7,5,4,2
1807,1807,Vijayalakshmi Sheikh,34,1,7,2,2
1808,1808,Ullas Khan,44,7,5,4,1
1809,1809,Ullas Achar,28,1,5,5,1
1810,1810,Ravi Reddy,51,10,1,1,1
1811,1811,Meena Shetty,49,9,5,2,2
1812,1812,Deepa Achar,35,5,1,1,2
1813,1813,Sowmya Fernandes,36,1,1,2,2
1814,1814,Ravi Patil,45,8,6,5,1
1815,1815,Prakash Patil,52,9,7,1,1
1816,1816,Nataraj Shetty,30,10,5,3,1
1817,1817,Pooja Setty,33,9,6,5,2
1818,1818,Anthony Achar,42,10,4,4,1
1819,1819,Deepa Sheikh,41,7,1,1,2
1820,1820,Yusuf Naik,57,3,7,2,1
1821,1821,Radha Hegde,62,1,7,2,2
1822,1822,Nataraj Fernandes,38,6,5,3,1
1823,1823,Zameer Kumar,55,9,7,5,1
1824,1824,Deepa Nair,38,5,5,5,2
1825,1825,Ravi Kumar,42,10,2,4,1
1826,1826,Latha Rao,58,7,1,3,2
1827,1827,Jagadish Hegde,25,4,6,4,1
1828,1828,Nataraj Khan,22,8,2,4,1
1829,1829,Pooja Khan,36,7,3,1,2
1830,1830,Om Achar,24,4,6,1,1
1831,1831,Triveni Hegde,41,1,3,2,2
1832,1832,Puneeth Gowda,39,6,7,5,1
1833,1833,Usha Rao,63,3,7,4,2
1834,1834,Zeenath Poojary,25,11,3,2,2
1835,1835,Vani Khan,19,8,6,2,2
1836,1836,Sunitha Setty,44,10,4,3,2
1837,1837,Ravi Reddy,60,10,2,4,1
1838,1838,Meena Gowda,53,5,3,2,2
1839,1839,Mahesh Patil,52,7,5,4,1
1840,1840,Fatima Gowda,39,8,5,1,2
1841,1841,Pooja Hegde,28,1,2,3,2
1842,1842,Sunitha Nair,21,10,2,1,2
1843,1843,Gopal Naik,63,8,6,1,1
1844,1844,Meena Fernandes,29,8,1,1,2
1845,1845,Nandini Shetty,57,6,4,5,2
1846,1846,Suresh Reddy,39,4,7,1,1
1847,1847,Kavya Naik,43,11,3,4,2
1848,1848,Vani Naik,27,3,5,3,2
1849,1849,Nataraj Hegde,57,10,4,3,1
1850,1850,Meena Gowda,54,7,2,5,2
1851,1851,Sowmya Nair,40,9,5,4,2
1852,1852,Anthony Patil,33,2,7,5,1
1853,1853,Yamuna Poojary,55,3,5,5,2
1854,1854,Yamuna Shetty,59,9,4,4,2
1855,1855,Om Achar,48,5,4,4,1
1856,1856,Thimmaiah Reddy,46,7,7,5,1
1857,1857,Triveni Naik,32,11,1,5,2
1858,1858,Basavaraj Rao,61,4,1,1,1
1859,1859,Nandini Naik,61,6,3,2,2
1860,1860,Lokesh Reddy,49,1,6,5,1
1861,1861,Mahesh Khan,50,2,2,3,1
1862,1862,Usha Fernandes,58,8,3,2,2
1863,1863,Basavaraj Naik,45,7,7,3,1
1864,1864,Shwetha Khan,67,4,7,5,2
1865,1865,Puneeth Sheikh,61,11,3,4,1
1866,1866,Santosh Hegde,40,1,4,3,1
1867,1867,Ravi Patil,37,11,4,3,1
1868,1868,Naveen Sheikh,38,10,1,5,1
1869,1869,Radha Reddy,64,11,6,5,2
1870,1870,Triveni Shetty,45,1,4,3,2
1871,1871,Fatima Reddy,24,9,5,1,2
1872,1872,Zeenath Khan,20,6,2,5,2
1873,1873,Chandru Hegde,44,10,4,3,1
1874,1874,Ravi Kumar,27,11,1,2,1
1875,1875,Triveni Rao,41,5,1,2,2
1876,1876,Naveen Poojary,43,7,5,3,1
1877,1877,Vani Setty,24,6,6,2,2
1878,1878,Shwetha Nair,40,10,1,4,2
1879,1879,Kavya Sheikh,35,6,3,4,2
1880,1880,Raghu Rao,44,2,1,2,1
1881,1881,Latha Khan,60,11,7,2,2
1882,1882,Meena Gowda,19,7,5,1,2
1883,1883,Nataraj Gowda,38,10,1,5,1
1884,1884,Puneeth Patil,42,7,1,2,1
1885,1885,Latha Shetty,58,11,6,5,2
1886,1886,Thimmaiah Poojary,20,3,4,4,1
1887,1887,Gopal Shetty,19,2,1,1,1
1888,1888,Shwetha Achar,54,6,5,3,2
1889,1889,Vijayalakshmi Rao,59,10,7,4,2
1890,1890,Sunitha Naik,49,1,5,2,2
1891,1891,Om Hegde,37,6,3,3,1
1892,1892,Sowmya Hegde,47,8,7,5,2
1893,1893,Gopal Rao,42,11,7,2,1
1894,1894,Meena Rao,35,9,6,4,2
1895,1895,Deepa Poojary,57,4,7,4,2
1896,1896,Meena Naik,68,5,2,1,2
1897,1897,Anitha Shetty,27,11,1,1,2
1898,1898,Kavya Rao,61,3,1,2,2
1899,1899,Anitha Rao,51,6,6,2,2
1900,1900,Om Khan,22,1,5,4,1
1901,1901,Basavaraj Rao,41,11,6,3,1
1902,1902,Nataraj Gowda,37,6,4,4,1
1903,1903,Yamuna Poojary,51,1,7,2,2
1904,1904,Vijayalakshmi Poojary,31,7,7,2,2
1905,1905,Meena Hegde,26,7,3,3,2
1906,1906,Yamuna Reddy,66,11,5,1,2
1907,1907,Deepa Shetty,36,4,6,3,2
1908,1908,Yamuna Setty,35,8,3,2,2
1909,1909,Gopal Patil,68,3,2,1,1
1910,1910,Vinay Sheikh,55,7,6,5,1
1911,1911,Chandru Patil,56,6,3,2,1
1912,1912,Thimmaiah Naik,65,5,7,1,1
1913,1913,Harish Rao,66,8,2,1,1
1914,1914,Vijayalakshmi Patil,23,11,5,3,2
1915,1915,Deepa Shetty,23,2,2,3,2
1916,1916,Radha Achar,19,2,2,5,2
1917,1917,Ayesha Sheikh,47,2,3,3,2
1918,1918,Roopa Naik,32,9,7,2,2
1919,1919,Raghu Hegde,50,9,4,1,1
1920,1920,Ullas Sheikh,59,4,6,1,1
1921,1921,Iqbal Setty,31,9,4,3,1
1922,1922,Lokesh Nair,53,5,5,3,1
1923,1923,Thimmaiah Setty,49,10,4,2,1
1924,1924,Krishna Shetty,26,1,1,4,1
1925,1925,Krishna Hegde,54,1,4,4,1
1926,1926,Yusuf Sheikh,60,3,2,3,1
1927,1927,Roopa Patil,60,11,2,4,2
1928,1928,Prakash Nair,31,5,2,4,1
1929,1929,Ayesha Sheikh,34,4,3,3,2
1930,1930,Chandru Khan,68,10,2,4,1
1931,1931,Mahesh Achar,38,1,6,4,1
1932,1932,Ullas Khan,37,3,7,3,1
1933,1933,Fatima Patil,27,2,7,4,2
1934,1934,Zeenath Shetty,58,8,6,2,2
1935,1935,Nandini Hegde,49,4,6,2,2
1936,1936,Deepa Naik,48,8,1,5,2
1937,1937,Kavya Naik,26,6,4,4,2
1938,1938,Jagadish Khan,31,1,7,1,1
1939,1939,Anitha Reddy,62,1,4,4,2
1940,1940,Yamuna Fernandes,41,3,4,5,2
1941,1941,Mahesh Sheikh,64,8,1,4,1
1942,1942,Naveen Fernandes,56,8,3,4,1
1943,1943,Sowmya Nair,38,7,7,2,2
1944,1944,Naveen Patil,26,8,3,1,1
1945,1945,Meena Rao,38,11,4,3,2
1946,1946,Iqbal Achar,35,4,7,3,1
1947,1947,Nandini Hegde,46,11,5,3,2
1948,1948,Pooja Reddy,30,9,2,5,2
1949,1949,Arjun Kumar,58,8,1,5,1
1950,1950,Sunitha Fernandes,52,8,5,5,2
1951,1951,Suresh Setty,57,8,2,4,1
1952,1952,Roopa Khan,37,5,1,3,2
1953,1953,Vani Reddy,46,1,3,2,2
1954,1954,Vijayalakshmi Patil,33,6,2,4,2
1955,1955,Vijayalakshmi Khan,39,10,4,3,2
1956,1956,Roopa Poojary,42,8,1,3,2
1957,1957,Triveni Reddy,50,9,2,4,2
1958,1958,Sowmya Achar,39,5,5,5,2
1959,1959,Mahesh Khan,45,10,2,1,1
1960,1960,Naveen Shetty,33,1,3,4,1
1961,1961,Kavya Shetty,37,11,5,2,2
1962,1962,Roopa Setty,52,10,3,4,2
1963,1963,Sunitha Shetty,56,2,2,5,2
1964,1964,Yogesh Sheikh,61,11,1,2,1
1965,1965,Prakash Poojary,37,6,5,1,1
1966,1966,Iqbal Poojary,25,6,3,5,1
1967,1967,Zameer Patil,21,8,6,1,1
1968,1968,Anthony Gowda,42,4,6,3,1
1969,1969,Lokesh Gowda,31,7,3,4,1
1970,1970,Deepa Khan,42,1,2,4,2
1971,1971,Radha Naik,53,7,6,2,2
1972,1972,Shwetha Setty,53,4,3,3,2
1973,1973,Yogesh Gowda,54,8,3,4,1
1974,1974,Om Poojary,22,4,7,5,1
1975,1975,Usha Kumar,59,3,3,1,2
1976,1976,Prakash Sheikh,53,11,6,2,1
1977,1977,Jagadish Hegde,52,1,4,3,1
1978,1978,Zeenath Fernandes,68,10,3,2,2
1979,1979,Lokesh Poojary,63,2,7,3,1
1980,1980,Triveni Achar,68,8,2,2,2
1981,1981,Vani Khan,22,7,7,2,2
1982,1982,Pooja Reddy,65,10,3,2,2
1983,1983,Zeenath Rao,25,10,1,1,2
1984,1984,Zeenath Setty,63,6,5,4,2
1985,1985,Fatima Naik,39,3,1,3,2
1986,1986,Radha Poojary,44,2,7,3,2
1987,1987,Vijayalakshmi Shetty,59,8,2,2,2
1988,1988,Om Reddy,42,5,5,3,1
1989,1989,Latha Patil,66,10,4,5,2
1990,1990,Roopa Sheikh,53,3,1,2,2
1991,1991,Puneeth Shetty,24,9,5,5,1
1992,1992,Zameer Gowda,63,9,5,5,1
1993,1993,Nataraj Gowda,57,3,5,1,1
1994,1994,Sunitha Gowda,53,10,6,5,2
1995,1995,Zeenath Rao,50,11,3,1,2
1996,1996,Latha Gowda,68,2,1,5,2
1997,1997,Chandru Rao,31,2,4,1,1
1998,1998,Yamuna Achar,46,7,7,1,2
1999,1999,Yusuf Shetty,26,7,6,2,1
2000,2000,Nataraj Reddy,48,8,4,4,1
2001,2001,Usha Setty,31,5,4,1,2
2002,2002,Deepa Shetty,53,8,4,1,2
2003,2003,Deepa Patil,19,10,6,3,2
2004,2004,Santosh Kumar,30,11,6,2,1
2005,2005,Zameer Nair,57,3,5,5,1
2006,2006,Yamuna Sheikh,25,6,1,3,2
2007,2007,Chandru Sheikh,41,6,2,5,1
2008,2008,Vijayalakshmi Patil,62,9,2,2,2
2009,2009,Zeenath Hegde,63,6,6,4,2
2010,2010,Nandini Kumar,35,2,6,3,2
2011,2011,Venkatesh Khan,58,10,6,5,1
2012,2012,Kavya Patil,58,5,6,1,2
2013,2013,Vijayalakshmi Khan,34,9,7,2,2
2014,2014,Basavaraj Hegde,66,4,3,2,1
2015,2015,Prakash Naik,45,3,4,5,1
2016,2016,Yogesh Reddy,47,5,2,4,1
2017,2017,Nataraj Setty,42,6,5,3,1
2018,2018,Deepa Achar,23,6,5,4,2
2019,2019,Krishna Gowda,43,1,2,3,1
2020,2020,Usha Rao,33,8,3,1,2
2021,2021,Venkatesh Patil,31,7,7,4,1
2022,2022,Usha Sheikh,20,10,6,5,2
2023,2023,Suresh Hegde,25,10,7,4,1
2024,2024,Jagadish Naik,39,11,3,2,1
2025,2025,Ullas Nair,68,4,7,5,1
2026,2026,Vinay Patil,37,1,7,4,1
2027,2027,Triveni Khan,26,8,5,2,2
2028,2028,Roopa Gowda,58,8,7,3,2
2029,2029,Ayesha Shetty,61,2,5,4,2
2030,2030,Iqbal Khan,22,4,5,5,1
2031,2031,Sunitha Setty,57,1,6,2,2
2032,2032,Ullas Patil,33,1,6,1,1
2033,2033,Vinay Poojary,58,5,5,1,1
2034,2034,Ullas Hegde,44,3,3,5,1
2035,2035,Fatima Patil,48,1,4,4,2
2036,2036,Pooja Poojary,45,11,1,3,2
2037,2037,Nataraj Naik,43,8,1,1,1
2038,2038,Mahesh Poojary,35,8,5,5,1
2039,2039,Chandru Nair,26,9,4,1,1
2040,2040,Zeenath Patil,30,5,1,2,2
2041,2041,Puneeth Shetty,33,10,5,1,1
2042,2042,Yamuna Kumar,33,5,6,5,2
2043,2043,Ullas Shetty,55,8,6,4,1
2044,2044,Anitha Setty,58,1,1,5,2
2045,2045,Manjunath Rao,40,5,6,5,1
2046,2046,Kavya Fernandes,65,3,4,3,2
2047,2047,Radha Shetty,63,5,3,4,2
2048,2048,Radha Gowda,25,9,7,3,2
2049,2049,Thimmaiah Rao,54,8,3,2,1
2050,2050,Kavya Fernandes,62,7,2,4,2
2051,2051,Raghu Hegde,55,2,5,1,1
2052,2052,Zeenath Reddy,32,9,4,2,2
2053,2053,Naveen Patil,27,9,6,3,1
2054,2054,Anthony Kumar,32,7,3,3,1
2055,2055,Krishna Hegde,23,10,1,5,1
2056,2056,Triveni Setty,44,7,2,2,2
2057,2057,Nandini Khan,61,10,5,2,2
2058,2058,Anthony Kumar,39,2,1,5,1
2059,2059,Chandru Achar,26,1,7,3,1
2060,2060,Iqbal Achar,35,6,2,2,1
2061,2061,Nandini Reddy,46,6,7,4,2
2062,2062,Deepa Setty,24,7,2,5,2
2063,2063,Sowmya Khan,21,11,4,5,2
2064,2064,Vani Poojary,48,3,4,4,2
2065,2065,Puneeth Gowda,31,1,7,1,1
2066,2066,Ullas Naik,59,8,6,3,1
2067,2067,Kavya Gowda,46,11,4,5,2
2068,2068,Krishna Reddy,37,9,3,2,1
2069,2069,Meena Nair,58,10,7,5,2
2070,2070,Zeenath Poojary,30,11,7,4,2
2071,2071,Om Kumar,36,5,5,5,1
2072,2072,Ullas Rao,68,3,1,1,1
2073,2073,Zeenath Patil,36,5,7,2,2
2074,2074,Vijayalakshmi Gowda,48,2,6,4,2
2075,2075,Radha Sheikh,35,8,6,1,2
2076,2076,Fatima Hegde,61,1,3,5,2
2077,2077,Vinay Khan,37,6,4,1,1
2078,2078,Vijayalakshmi Setty,22,7,2,5,2
2079,2079,Suresh Khan,30,4,4,1,1
2080,2080,Raghu Kumar,33,6,2,5,1
2081,2081,Imran Reddy,49,2,6,1,1
2082,2082,Usha Achar,19,11,6,5,2
2083,2083,Shwetha Fernandes,55,9,1,2,2
2084,2084,Sunitha Gowda,44,10,3,4,2
2085,2085,Lokesh Naik,45,5,7,4,1
2086,2086,Ayesha Kumar,61,6,1,2,2
2087,2087,Latha Khan,26,10,2,4,2
2088,2088,Vijayalakshmi Reddy,43,9,3,1,2
2089,2089,Sunitha Nair,43,9,3,3,2
2090,2090,Kavya Nair,46,2,5,4,2
2091,2091,Zeenath Hegde,19,8,1,2,2
2092,2092,Jagadish Achar,29,3,3,1,1
2093,2093,Anitha Naik,48,8,7,1,2
2094,2094,Fatima Achar,35,8,7,5,2
2095,2095,Anitha Patil,22,9,5,5,2
2096,2096,Latha Poojary,64,7,5,4,2
2097,2097,Mahesh Kumar,36,6,1,5,1
2098,2098,Prakash Reddy,56,2,1,1,1
2099,2099,Venkatesh Poojary,29,5,1,2,1
2100,2100,Zameer Rao,59,6,4,1,1
2101,2101,Nataraj Kumar,32,5,4,2,1
2102,2102,Zeenath Gowda,63,3,7,2,2
2103,2103,Imran Hegde,53,11,1,1,1
2104,2104,Radha Hegde,51,4,7,2,2
2105,2105,Ravi Naik,28,7,6,2,1
2106,2106,Roopa Fernandes,31,6,3,3,2
2107,2107,Basavaraj Setty,25,2,3,4,1
2108,2108,Ayesha Kumar,44,4,1,2,2
2109,2109,Zameer Reddy,36,1,7,3,1
2110,2110,Yusuf Kumar,36,6,7,1,1
2111,2111,Latha Khan,45,5,1,3,2
2112,2112,Fatima Kumar,42,7,1,3,2
2113,2113,Krishna Naik,66,9,4,2,1
2114,2114,Yamuna Setty,21,4,5,2,2
2115,2115,Santosh Setty,60,2,1,4,1
2116,2116,Radha Gowda,46,9,6,1,2
2117,2117,Nataraj Reddy,57,10,2,2,1
2118,2118,Deepa Achar,56,11,2,2,2
2119,2119,Ullas Naik,41,7,2,2,1
2120,2120,Ayesha Hegde,43,4,6,5,2
2121,2121,Zeenath Khan,51,5,4,3,2
2122,2122,Anitha Reddy,25,10,5,2,2
2123,2123,Triveni Kumar,35,4,3,2,2
2124,2124,Iqbal Khan,58,10,2,2,1
2125,2125,Vijayalakshmi Rao,29,5,3,2,2
2126,2126,Anthony Sheikh,55,3,1,1,1
2127,2127,Radha Rao,43,2,2,1,2
2128,2128,Manjunath Nair,40,10,5,4,1
2129,2129,Mahesh Hegde,26,2,3,1,1
2130,2130,Anitha Reddy,63,3,2,1,2
2131,2131,Usha Naik,48,7,6,2,2
2132,2132,Latha Patil,20,10,2,3,2
2133,2133,Chandru Naik,51,5,7,1,1
2134,2134,Usha Poojary,38,3,6,4,2
2135,2135,Ayesha Reddy,37,5,1,1,2
2136,2136,Sunitha Kumar,19,11,4,1,2
2137,2137,Jagadish Kumar,20,6,5,2,1
2138,2138,Shwetha Reddy,26,2,1,2,2
2139,2139,Mahesh Setty,31,10,7,4,1
2140,2140,Meena Gowda,43,6,4,2,2
2141,2141,Harish Rao,66,10,2,5,1
2142,2142,Usha Patil,29,6,2,4,2
2143,2143,Ravi Shetty,51,5,5,5,1
2144,2144,Triveni Kumar,52,6,2,1,2
2145,2145,Krishna Khan,43,9,2,1,1
2146,2146,Nataraj Poojary,41,11,2,3,1
2147,2147,Sunitha Achar,44,7,6,3,2
2148,2148,Mahesh Rao,59,4,5,1,1
2149,2149,Vinay Hegde,53,9,4,4,1
2150,2150,Sowmya Hegde,63,6,7,5,2
2151,2151,Lokesh Achar,62,7,1,2,1
2152,2152,Lokesh Khan,28,2,1,4,1
2153,2153,Yogesh Shetty,38,7,3,2,1
2154,2154,Ravi Poojary,25,4,7,3,1
2155,2155,Raghu Rao,59,7,6,4,1
2156,2156,Ayesha Shetty,67,3,1,5,2
2157,2157,Yamuna Poojary,58,7,5,4,2
2158,2158,Chandru Poojary,67,4,4,3,1
2159,2159,Iqbal Hegde,67,11,4,5,1
2160,2160,Iqbal Achar,58,4,7,2,1
2161,2161,Yamuna Sheikh,37,3,2,4,2
2162,2162,Ullas Achar,32,7,2,2,1
2163,2163,Om Khan,53,1,4,3,1
2164,2164,Harish Patil,59,4,5,4,1
2165,2165,Vinay Hegde,32,11,5,2,1
2166,2166,Arjun Patil,68,5,5,2,1
2167,2167,Kavya Gowda,51,5,3,1,2
2168,2168,Roopa Achar,34,6,4,2,2
2169,2169,Arjun Setty,30,10,2,3,1
2170,2170,Shankar Setty,34,5,4,5,1
2171,2171,Nandini Naik,33,2,2,5,2
2172,2172,Mahesh Khan,48,9,4,5,1
2173,2173,Vijayalakshmi Hegde,62,4,6,3,2
2174,2174,Shankar Gowda,39,11,3,2,1
2175,2175,Sunitha Hegde,53,2,3,5,2
2176,2176,Om Naik,27,4,2,3,1
2177,2177,Anitha Nair,63,4,5,3,2
2178,2178,Chandru Hegde,62,7,3,5,1
2179,2179,Krishna Kumar,42,9,7,1,1
2180,2180,Iqbal Nair,35,9,6,3,1
2181,2181,Venkatesh Kumar,62,6,1,2,1
2182,2182,Ayesha Nair,23,10,5,2,2
2183,2183,Gopal Setty,61,8,5,3,1
2184,2184,Kavya Shetty,20,10,2,2,2
2185,2185,Roopa Poojary,54,11,7,3,2
2186,2186,Vani Nair,34,11,5,2,2
2187,2187,Triveni Fernandes,31,2,3,5,2
2188,2188,Zameer Patil,42,10,7,4,1
2189,2189,Nandini Achar,54,8,4,1,2
2190,2190,Kavya Kumar,20,4,5,3,2
2191,2191,Arjun Setty,65,4,5,3,1
2192,2192,Puneeth Rao,59,10,7,5,1
2193,2193,Triveni Achar,35,1,4,5,2
2194,2194,Chandru Reddy,63,9,1,2,1
2195,2195,Basavaraj Nair,64,2,1,3,1
2196,2196,Ravi Gowda,49,8,7,3,1
2197,2197,Roopa Rao,28,8,7,2,2
2198,2198,Santosh Khan,19,4,7,4,1
2199,2199,Latha Reddy,24,11,7,5,2
2200,2200,Kavya Shetty,52,9,5,2,2
2201,2201,Yusuf Khan,20,6,4,5,1
2202,2202,Vani Khan,61,1,2,5,2
2203,2203,Suresh Naik,21,1,1,1,1
2204,2204,Venkatesh Sheikh,58,11,5,3,1
2205,2205,Kavya Khan,32,10,5,5,2
2206,2206,Zeenath Shetty,43,11,5,2,2
2207,2207,Yusuf Khan,46,9,3,1,1
2208,2208,Vijayalakshmi Khan,33,8,1,3,2
2209,2209,Latha Nair,32,7,5,3,2
2210,2210,Fatima Setty,59,11,6,5,2
2211,2211,Meena Rao,21,6,3,4,2
2212,2212,Naveen Fernandes,30,3,7,4,1
2213,2213,Zameer Kumar,60,11,7,4,1
2214,2214,Yamuna Poojary,24,9,5,2,2
2215,2215,Triveni Rao,59,6,5,5,2
2216,2216,Meena Kumar,50,6,6,2,2
2217,2217,Triveni Sheikh,43,2,6,4,2
2218,2218,Harish Achar,64,2,4,5,1
2219,2219,Nandini Poojary,40,5,1,3,2
2220,2220,Fatima Naik,19,10,1,5,2
2221,2221,Nandini Achar,68,1,1,2,2
2222,2222,Lokesh Fernandes,20,8,4,4,1
2223,2223,Roopa Setty,66,4,7,1,2
2224,2224,Vani Kumar,21,11,1,1,2
2225,2225,Deepa Shetty,23,1,2,4,2
2226,2226,Santosh Kumar,58,5,7,1,1
2227,2227,Arjun Achar,62,1,7,5,1
2228,2228,Vijayalakshmi Naik,46,5,7,1,2
2229,2229,Fatima Setty,51,4,5,5,2
2230,2230,Manjunath Fernandes,31,10,4,4,1
2231,2231,Venkatesh Patil,65,9,1,3,1
2232,2232,Zeenath Gowda,45,8,5,3,2
2233,2233,Nataraj Hegde,40,6,3,4,1
2234,2234,Jagadish Patil,44,9,5,1,1
2235,2235,Roopa Naik,24,5,5,3,2
2236,2236,Yamuna Patil,33,1,2,5,2
2237,2237,Triveni Naik,66,5,7,2,2
2238,2238,Meena Reddy,29,11,1,4,2
2239,2239,Arjun Poojary,56,1,5,3,1
2240,2240,Puneeth Setty,46,2,5,1,1
2241,2241,Sunitha Patil,60,3,4,2,2
2242,2242,Ayesha Patil,43,4,3,5,2
2243,2243,Ravi Kumar,28,4,5,3,1
2244,2244,Harish Achar,57,6,6,5,1
2245,2245,Arjun Achar,42,5,2,1,1
2246,2246,Puneeth Gowda,26,2,7,4,1
2247,2247,Kavya Gowda,33,9,6,5,2
2248,2248,Yamuna Nair,27,2,3,5,2
2249,2249,Anthony Khan,56,10,3,3,1
2250,2250,Sunitha Achar,62,5,1,2,2
2251,2251,Gopal Khan,45,7,5,3,1
2252,2252,Suresh Kumar,52,6,4,4,1
2253,2253,Triveni Gowda,61,8,6,4,2
2254,2254,Nataraj Gowda,40,8,5,4,1
2255,2255,Yamuna Reddy,45,6,4,2,2
2256,2256,Jagadish Hegde,34,2,7,1,1
2257,2257,Sunitha Sheikh,47,1,6,3,2
2258,2258,Zeenath Naik,44,6,5,4,2
2259,2259,Yusuf Reddy,65,7,4,5,1
2260,2260,Yogesh Hegde,60,2,4,3,1
2261,2261,Puneeth Naik,67,8,3,4,1
2262,2262,Naveen Gowda,57,5,2,1,1
2263,2263,Imran Hegde,57,9,7,2,1
2264,2264,Kavya Fernandes,55,8,5,1,2
2265,2265,Zeenath Rao,19,6,1,5,2
2266,2266,Naveen Rao,31,2,5,3,1
2267,2267,Fatima Hegde,58,4,3,3,2
2268,2268,Venkatesh Rao,37,3,3,2,1
2269,2269,Deepa Sheikh,59,4,1,2,2
2270,2270,Ravi Reddy,60,6,4,1,1
2271,2271,Radha Sheikh,23,11,3,5,2
2272,2272,Sowmya Patil,61,8,4,5,2
2273,2273,Shankar Achar,52,4,4,3,1
2274,2274,Harish Kumar,50,2,3,1,1
2275,2275,Triveni Patil,51,7,5,2,2
2276,2276,Krishna Fernandes,22,1,2,2,1
2277,2277,Harish Reddy,64,9,1,2,1
2278,2278,Iqbal Shetty,40,4,5,3,1
2279,2279,Suresh Setty,58,3,2,1,1
2280,2280,Pooja Kumar,47,8,4,5,2
2281,2281,Arjun Khan,56,8,1,2,1
2282,2282,Vijayalakshmi Sheikh,50,11,7,5,2
2283,2283,Sunitha Rao,40,6,1,5,2
2284,2284,Shankar Reddy,59,10,3,4,1
2285,2285,Vinay Achar,38,10,3,5,1
2286,2286,Triveni Kumar,32,8,7,3,2
2287,2287,Sowmya Sheikh,32,7,7,4,2
2288,2288,Nataraj Setty,30,1,4,2,1
2289,2289,Meena Hegde,49,11,3,1,2
2290,2290,Fatima Patil,44,8,3,2,2
2291,2291,Basavaraj Sheikh,29,3,3,1,1
2292,2292,Ayesha Reddy,32,9,1,2,2
2293,2293,Vinay Sheikh,62,7,4,5,1
2294,2294,Radha Kumar,26,11,3,5,2
2295,2295,Puneeth Kumar,28,5,4,5,1
2296,2296,Naveen Hegde,44,2,5,3,1
2297,2297,Sowmya Setty,44,1,2,4,2
2298,2298,Vinay Kumar,49,10,5,1,1
2299,2299,Lokesh Reddy,33,1,7,5,1
2300,2300,Puneeth Gowda,51,8,3,4,1
2301,2301,Harish Patil,58,10,2,4,1
2302,2302,Usha Achar,66,5,4,4,2
2303,2303,Vinay Fernandes,39,8,2,2,1
2304,2304,Arjun Sheikh,64,4,5,1,1
2305,2305,Pooja Reddy,40,3,7,5,2
2306,2306,Yogesh Khan,52,8,3,3,1
2307,2307,Iqbal Naik,52,7,3,1,1
2308,2308,Chandru Rao,68,6,4,2,1
2309,2309,Chandru Khan,40,7,7,1,1
2310,2310,Om Kumar,59,7,3,4,1
2311,2311,Vijayalakshmi Naik,45,5,2,2,2
2312,2312,Ravi Sheikh,42,3,1,5,1
2313,2313,Chandru Shetty,36,9,6,3,1
2314,2314,Raghu Rao,44,10,5,4,1
2315,2315,Sunitha Kumar,23,8,2,3,2
2316,2316,Roopa Shetty,35,8,2,2,2
2317,2317,Kavya Hegde,36,7,7,3,2
2318,2318,Roopa Kumar,33,1,2,5,2
2319,2319,Roopa Nair,67,1,7,5,2
2320,2320,Anthony Kumar,34,4,3,2,1
2321,2321,Zameer Hegde,61,10,6,1,1
2322,2322,Nandini Hegde,23,5,7,4,2
2323,2323,Usha Reddy,26,5,3,1,2
2324,2324,Kavya Fernandes,42,6,6,1,2
2325,2325,Latha Setty,45,1,2,4,2
2326,2326,Arjun Khan,65,4,2,2,1
2327,2327,Fatima Naik,21,11,5,3,2
2328,2328,Kavya Khan,53,5,1,3,2
2329,2329,Basavaraj Fernandes,64,4,7,4,1
2330,2330,Naveen Sheikh,24,7,5,1,1
2331,2331,Fatima Patil,37,9,5,5,2
2332,2332,Gopal Nair,36,2,6,2,1
2333,2333,Sowmya Kumar,22,7,7,2,2
2334,2334,Pooja Kumar,42,9,1,2,2
2335,2335,Shwetha Sheikh,33,6,4,5,2
2336,2336,Sunitha Khan,20,5,4,4,2
2337,2337,Iqbal Kumar,23,7,7,3,1
2338,2338,Yusuf Rao,30,4,7,3,1
2339,2339,Sowmya Fernandes,45,10,2,1,2
2340,2340,Shankar Nair,59,9,6,2,1
2341,2341,Thimmaiah Naik,25,2,2,3,1
2342,2342,Jagadish Achar,51,6,2,3,1
2343,2343,Vinay Shetty,41,1,7,3,1
2344,2344,Sowmya Fernandes,24,1,2,3,2
2345,2345,Shankar Khan,52,9,1,4,1
2346,2346,Radha Setty,40,1,5,5,2
2347,2347,Harish Nair,58,2,7,5,1
2348,2348,Shwetha Patil,39,7,3,1,2
2349,2349,Sowmya Nair,19,5,6,2,2
2350,2350,Anitha Achar,67,4,7,4,2
2351,2351,Prakash Shetty,38,7,1,5,1
2352,2352,Nataraj Gowda,34,10,1,2,1
2353,2353,Zameer Gowda,63,4,2,1,1
2354,2354,Meena Fernandes,58,8,5,2,2
2355,2355,Shwetha Khan,48,7,6,5,2
2356,2356,Triveni Setty,58,5,3,5,2
2357,2357,Chandru Achar,46,2,7,3,1
2358,2358,Meena Achar,67,7,1,4,2
2359,2359,Latha Shetty,61,10,2,1,2
2360,2360,Fatima Shetty,47,8,6,5,2
2361,2361,Yogesh Reddy,19,4,7,2,1
2362,2362,Nandini Achar,65,6,1,5,2
2363,2363,Kavya Shetty,30,8,7,2,2
2364,2364,Yusuf Naik,27,10,2,4,1
2365,2365,Shwetha Khan,21,5,4,4,2
2366,2366,Chandru Patil,65,6,2,4,1
2367,2367,Ullas Naik,54,7,2,4,1
2368,2368,Gopal Achar,64,11,3,5,1
2369,2369,Usha Patil,41,7,6,5,2
2370,2370,Manjunath Hegde,39,4,7,2,1
2371,2371,Triveni Hegde,64,8,2,4,2
2372,2372,Pooja Kumar,37,10,5,5,2
2373,2373,Sunitha Khan,36,4,3,1,2
2374,2374,Krishna Nair,31,7,6,5,1
2375,2375,Ullas Setty,37,3,6,1,1
2376,2376,Venkatesh Rao,50,2,7,4,1
2377,2377,Chandru Fernandes,57,5,7,2,1
2378,2378,Fatima Rao,26,2,4,4,2
2379,2379,Pooja Kumar,22,2,4,5,2
2380,2380,Ravi Patil,32,1,4,5,1
2381,2381,Thimmaiah Patil,52,8,6,5,1
2382,2382,Raghu Naik,47,9,6,5,1
2383,2383,Ayesha Shetty,54,2,3,2,2
2384,2384,Naveen Patil,27,3,6,1,1
2385,2385,Radha Reddy,60,5,2,4,2
2386,2386,Harish Reddy,32,11,4,5,1
2387,2387,Om Patil,38,2,7,3,1
2388,2388,Ayesha Nair,52,9,6,3,2
2389,2389,Triveni Khan,41,5,2,1,2
2390,2390,Ullas Setty,21,9,7,4,1
2391,2391,Ravi Fernandes,51,4,6,3,1
2392,2392,Meena Kumar,45,9,2,3,2
2393,2393,Shwetha Sheikh,63,1,1,3,2
2394,2394,Triveni Gowda,56,6,6,5,2
2395,2395,Shwetha Khan,34,11,2,4,2
2396,2396,Deepa Sheikh,36,8,6,3,2
2397,2397,Nandini Rao,46,2,6,4,2
2398,2398,Pooja Poojary,42,1,1,1,2
2399,2399,Sunitha Setty,21,8,5,2,2
2400,2400,Ayesha Fernandes,44,4,4,1,2
2401,2401,Vinay Gowda,67,3,5,2,1
2402,2402,Ravi Nair,59,9,6,3,1
2403,2403,Anthony Khan,67,1,3,2,1
2404,2404,Deepa Rao,46,6,2,4,2
2405,2405,Vinay Sheikh,37,11,1,4,1
2406,2406,Iqbal Achar,36,7,1,4,1
2407,2407,Arjun Achar,47,7,4,1,1
2408,2408,Iqbal Khan,22,10,5,5,1
2409,2409,Usha Nair,44,5,7,3,2
2410,2410,Yusuf Achar,53,3,6,1,1
2411,2411,Lokesh Patil,20,10,5,4,1
2412,2412,Vinay Hegde,24,11,5,2,1
2413,2413,Sunitha Kumar,52,1,4,1,2
2414,2414,Zeenath Gowda,47,6,5,4,2
2415,2415,Lokesh Patil,20,2,1,5,1
2416,2416,Deepa Nair,53,4,4,3,2
2417,2417,Roopa Fernandes,37,3,6,5,2
2418,2418,Triveni Reddy,37,9,2,2,2
2419,2419,Imran Hegde,28,4,6,4,1
2420,2420,Deepa Sheikh,68,2,3,5,2
2421,2421,Latha Rao,26,5,4,3,2
2422,2422,Yamuna Naik,38,3,6,3,2
2423,2423,Meena Rao,20,10,6,1,2
2424,2424,Puneeth Kumar,51,5,4,2,1
2425,2425,Pooja Sheikh,66,7,7,2,2
2426,2426,Pooja Khan,59,5,2,5,2
2427,2427,Shwetha Reddy,23,7,6,3,2
2428,2428,Basavaraj Sheikh,28,8,2,1,1
2429,2429,Thimmaiah Reddy,26,4,7,4,1
2430,2430,Yogesh Gowda,61,1,7,4,1
2431,2431,Shankar Kumar,58,9,1,4,1
2432,2432,Shwetha Hegde,42,8,1,2,2
2433,2433,Venkatesh Gowda,30,4,3,1,1
2434,2434,Iqbal Poojary,30,2,4,5,1
2435,2435,Kavya Naik,30,8,3,4,2
2436,2436,Radha Hegde,65,11,3,4,2
2437,2437,Puneeth Patil,64,1,4,3,1
2438,2438,Anthony Khan,58,3,1,3,1
2439,2439,Triveni Setty,22,3,7,4,2
2440,2440,Shankar Hegde,33,3,2,2,1
2441,2441,Latha Reddy,39,11,3,1,2
2442,2442,Arjun Poojary,52,4,4,4,1
2443,2443,Vani Poojary,67,5,2,3,2
2444,2444,Anitha Khan,23,5,5,1,2
2445,2445,Yusuf Setty,31,6,3,2,1
2446,2446,Venkatesh Khan,55,5,7,3,1
2447,2447,Lokesh Sheikh,68,8,1,1,1
2448,2448,Vani Khan,42,5,5,3,2
2449,2449,Ullas Reddy,60,8,4,3,1
2450,2450,Gopal Setty,44,8,3,4,1
2451,2451,Basavaraj Poojary,47,8,5,2,1
2452,2452,Usha Reddy,58,1,3,1,2
2453,2453,Meena Gowda,28,4,3,5,2
2454,2454,Vani Naik,22,5,5,2,2
2455,2455,Thimmaiah Setty,26,10,1,3,1
2456,2456,Sunitha Rao,23,7,6,1,2
2457,2457,Anthony Rao,22,10,5,1,1
2458,2458,Kavya Fernandes,64,4,2,4,2
2459,2459,Manjunath Rao,42,4,6,3,1
2460,2460,Gopal Sheikh,65,3,7,2,1
2461,2461,Ullas Naik,37,9,4,2,1
2462,2462,Shwetha Hegde,25,7,1,5,2
2463,2463,Nandini Gowda,21,10,4,2,2
2464,2464,Gopal Rao,28,6,2,3,1
2465,2465,Zeenath Khan,61,8,3,3,2
2466,2466,Sowmya Gowda,39,6,6,2,2
2467,2467,Pooja Rao,31,11,2,4,2
2468,2468,Om Achar,29,8,4,1,1
2469,2469,Shwetha Rao,42,6,5,3,2
2470,2470,Suresh Sheikh,50,3,2,5,1
2471,2471,Nandini Khan,20,8,7,5,2
2472,2472,Ravi Khan,54,6,2,5,1
2473,2473,Meena Shetty,45,5,7,3,2
2474,2474,Shwetha Khan,43,8,2,2,2
2475,2475,Gopal Gowda,58,7,1,4,1
2476,2476,Venkatesh Achar,53,5,3,1,1
2477,2477,Krishna Fernandes,23,7,5,1,1
2478,2478,Krishna Kumar,42,8,2,5,1
2479,2479,Raghu Naik,63,1,2,3,1
2480,2480,Harish Setty,29,10,1,4,1
2481,2481,Radha Nair,66,3,3,1,2
2482,2482,Mahesh Naik,65,3,4,5,1
2483,2483,Raghu Sheikh,41,9,5,2,1
2484,2484,Harish Achar,47,7,7,1,1
2485,2485,Roopa Naik,49,5,4,3,2
2486,2486,Ayesha Khan,22,10,2,2,2
2487,2487,Anitha Kumar,53,5,5,1,2
2488,2488,Usha Patil,31,3,6,1,2
2489,2489,Yamuna Naik,50,2,5,1,2
2490,2490,Jagadish Naik,30,4,3,2,1
2491,2491,Nataraj Achar,58,2,3,3,1
2492,2492,Gopal Patil,32,7,3,5,1
2493,2493,Shwetha Sheikh,45,2,3,1,2
2494,2494,Sunitha Patil,31,6,3,4,2
2495,2495,Sowmya Rao,43,5,3,4,2
2496,2496,Thimmaiah Rao,54,11,1,5,1
2497,2497,Fatima Patil,20,9,2,2,2
2498,2498,Venkatesh Sheikh,57,9,7,2,1
2499,2499,Meena Fernandes,24,3,5,2,2
2500,2500,Pooja Setty,44,2,7,4,2
2501,2501,Krishna Poojary,31,1,7,1,1
2502,2502,Krishna Reddy,48,9,1,5,1
2503,2503,Jagadish Shetty,52,8,3,1,1
2504,2504,Basavaraj Kumar,45,7,1,1,1
2505,2505,Roopa Nair,42,10,1,5,2
2506,2506,Usha Fernandes,33,8,3,1,2
2507,2507,Roopa Kumar,59,9,5,2,2
2508,2508,Puneeth Naik,64,6,4,2,1
2509,2509,Nataraj Fernandes,20,11,5,2,1
2510,2510,Puneeth Rao,46,6,4,2,1
2511,2511,Sunitha Shetty,26,2,5,2,2
2512,2512,Vijayalakshmi Fernandes,62,4,5,1,2
2513,2513,Shwetha Poojary,52,9,6,1,2
2514,2514,Anitha Poojary,63,6,3,2,2
2515,2515,Roopa Setty,50,8,7,2,2
2516,2516,Manjunath Rao,53,1,4,2,1
2517,2517,Shwetha Poojary,51,2,4,4,2
2518,2518,Deepa Rao,61,5,5,3,2
2519,2519,Zeenath Gowda,26,2,2,1,2
2520,2520,Shankar Reddy,66,2,7,1,1
2521,2521,Yamuna Patil,20,7,7,4,2
2522,2522,Arjun Hegde,29,11,2,2,1
2523,2523,Nandini Rao,57,10,2,1,2
2524,2524,Naveen Achar,43,4,1,4,1
2525,2525,Santosh Khan,27,3,4,5,1
2526,2526,Sunitha Setty,63,3,3,5,2
2527,2527,Vani Fernandes,37,2,1,4,2
2528,2528,Roopa Setty,59,11,2,3,2
2529,2529,Ayesha Sheikh,29,8,7,4,2
2530,2530,Basavaraj Setty,55,4,5,5,1
2531,2531,Deepa Kumar,37,4,4,4,2
2532,2532,Chandru Kumar,49,3,3,2,1
2533,2533,Chandru Patil,20,11,3,1,1
2534,2534,Suresh Hegde,23,4,2,5,1
2535,2535,Jagadish Hegde,58,7,3,1,1
2536,2536,Om Setty,55,7,4,3,1
2537,2537,Yamuna Poojary,65,9,3,5,2
2538,2538,Roopa Sheikh,61,3,1,4,2
2539,2539,Deepa Hegde,34,5,4,4,2
2540,2540,Jagadish Sheikh,58,1,6,5,1
2541,2541,Santosh Setty,53,9,1,3,1
2542,2542,Ayesha Shetty,65,5,4,3,2
2543,2543,Zameer Poojary,27,5,3,5,1
2544,2544,Jagadish Rao,61,8,4,3,1
2545,2545,Radha Poojary,44,1,1,1,2
2546,2546,Radha Reddy,28,6,5,3,2
2547,2547,Imran Shetty,52,1,3,3,1
2548,2548,Vijayalakshmi Achar,49,9,5,4,2
2549,2549,Jagadish Achar,60,1,6,1,1
2550,2550,Ullas Patil,23,2,1,2,1
2551,2551,Krishna Sheikh,39,2,7,1,1
2552,2552,Mahesh Setty,34,3,6,3,1
2553,2553,Prakash Gowda,44,3,6,5,1
2554,2554,Mahesh Nair,46,5,4,4,1
2555,2555,Sowmya Poojary,44,10,6,3,2
2556,2556,Venkatesh Achar,19,10,6,5,1
2557,2557,Pooja Patil,34,6,5,2,2
2558,2558,Santosh Shetty,33,7,6,5,1
2559,2559,Roopa Nair,43,2,3,1,2
2560,2560,Prakash Shetty,33,7,5,1,1
2561,2561,Vijayalakshmi Gowda,33,7,1,4,2
2562,2562,Krishna Gowda,42,5,7,4,1
2563,2563,Zeenath Naik,41,3,1,4,2
2564,2564,Vijayalakshmi Achar,55,3,2,1,2
2565,2565,Mahesh Poojary,55,3,2,3,1
2566,2566,Arjun Gowda,58,11,3,5,1
2567,2567,Mahesh Poojary,19,7,7,3,1
2568,2568,Shwetha Patil,57,7,3,1,2
2569,2569,Deepa Sheikh,68,10,1,1,2
2570,2570,Zeenath Kumar,57,8,1,5,2
2571,2571,Puneeth Naik,48,6,1,4,1
2572,2572,Kavya Sheikh,35,2,7,5,2
2573,2573,Latha Shetty,68,4,1,5,2
2574,2574,Mahesh Setty,29,6,5,5,1
2575,2575,Iqbal Setty,49,4,2,5,1
2576,2576,Pooja Poojary,23,9,5,1,2
2577,2577,Ravi Nair,20,4,7,4,1
2578,2578,Shankar Hegde,51,7,6,2,1
2579,2579,Deepa Shetty,32,3,7,3,2
2580,2580,Suresh Shetty,42,5,4,2,1
2581,2581,Vijayalakshmi Khan,22,5,5,2,2
2582,2582,Vijayalakshmi Setty,65,11,5,3,2
2583,2583,Venkatesh Naik,39,5,1,4,1
2584,2584,Chandru Sheikh,50,1,2,5,1
2585,2585,Prakash Fernandes,33,7,4,5,1
2586,2586,Kavya Rao,31,2,2,1,2
2587,2587,Vijayalakshmi Shetty,42,10,2,3,2
2588,2588,Yogesh Hegde,35,9,2,1,1
2589,2589,Yamuna Sheikh,56,3,1,5,2
2590,2590,Iqbal Kumar,19,7,2,1,1
2591,2591,Roopa Poojary,56,9,5,5,2
2592,2592,Harish Fernandes,23,7,1,5,1
2593,2593,Ravi Kumar,51,2,5,1,1
2594,2594,Suresh Patil,59,5,5,3,1
2595,2595,Pooja Kumar,53,7,2,2,2
2596,2596,Vinay Naik,61,10,1,3,1
2597,2597,Vinay Poojary,20,10,7,2,1
2598,2598,Imran Rao,62,3,3,1,1
2599,2599,Zeenath Reddy,38,7,2,5,2
2600,2600,Latha Hegde,48,10,4,4,2
2601,2601,Shankar Patil,68,2,5,1,1
2602,2602,Sunitha Khan,27,9,1,5,2
2603,2603,Yamuna Khan,49,9,5,4,2
2604,2604,Vinay Poojary,44,7,1,1,1
2605,2605,Harish Patil,65,10,3,2,1
2606,2606,Vijayalakshmi Patil,59,10,2,3,2
2607,2607,Yogesh Shetty,65,5,4,5,1
2608,2608,Jagadish Hegde,34,5,2,4,1
2609,2609,Nandini Nair,50,7,2,5,2
2610,2610,Santosh Poojary,58,5,1,4,1
2611,2611,Yamuna Rao,33,7,1,3,2
2612,2612,Sowmya Hegde,31,10,2,3,2
2613,2613,Ravi Shetty,27,3,6,2,1
2614,2614,Santosh Kumar,41,9,6,3,1
2615,2615,Thimmaiah Hegde,49,9,2,2,1
2616,2616,Chandru Gowda,24,1,6,5,1
2617,2617,Prakash Rao,51,2,1,1,1
2618,2618,Venkatesh Patil,42,1,2,3,1
2619,2619,Pooja Hegde,23,1,6,4,2
2620,2620,Radha Reddy,21,1,7,1,2
2621,2621,Latha Achar,54,9,5,4,2
2622,2622,Basavaraj Nair,67,10,1,2,1
2623,2623,Anthony Nair,59,4,6,4,1
2624,2624,Roopa Patil,28,5,3,4,2
2625,2625,Lokesh Patil,55,2,2,4,1
2626,2626,Puneeth Hegde,61,11,2,2,1
2627,2627,Kavya Poojary,40,11,6,4,2
2628,2628,Radha Naik,65,8,2,5,2
2629,2629,Kavya Setty,48,4,5,4,2
2630,2630,Vani Shetty,60,10,1,2,2
2631,2631,Anthony Fernandes,63,1,1,1,1
2632,2632,Fatima Nair,65,8,6,5,2
2633,2633,Manjunath Shetty,20,1,7,4,1
2634,2634,Imran Kumar,64,7,6,5,1
2635,2635,Shwetha Poojary,36,3,6,3,2
2636,2636,Vijayalakshmi Setty,21,9,6,2,2
2637,2637,Meena Setty,61,4,3,5,2
2638,2638,Ullas Patil,60,8,3,4,1
2639,2639,Radha Reddy,55,5,5,4,2
2640,2640,Vijayalakshmi Sheikh,47,8,5,5,2
2641,2641,Puneeth Gowda,61,7,4,2,1
2642,2642,Thimmaiah Naik,43,9,4,4,1
2643,2643,Raghu Achar,34,4,6,2,1
2644,2644,Triveni Patil,39,10,6,4,2
2645,2645,Shwetha Setty,35,9,4,5,2
2646,2646,Pooja Poojary,34,8,3,1,2
2647,2647,Vijayalakshmi Setty,33,11,4,4,2
2648,2648,Vani Patil,45,4,4,3,2
2649,2649,Anitha Gowda,42,3,3,1,2
2650,2650,Manjunath Setty,25,1,7,5,1
2651,2651,Puneeth Patil,30,3,6,4,1
2652,2652,Triveni Patil,63,9,1,5,2
2653,2653,Gopal Nair,56,8,6,5,1
2654,2654,Shankar Reddy,29,6,3,5,1
2655,2655,Triveni Naik,48,10,4,3,2
2656,2656,Nandini Nair,49,11,3,4,2
2657,2657,Vani Hegde,63,10,1,1,2
2658,2658,Zameer Poojary,20,5,3,2,1
2659,2659,Suresh Poojary,23,10,4,3,1
2660,2660,Radha Patil,34,7,1,2,2
2661,2661,Yusuf Sheikh,31,8,3,1,1
2662,2662,Zeenath Fernandes,43,9,2,3,2
2663,2663,Shwetha Poojary,51,9,4,2,2
2664,2664,Anthony Hegde,39,3,6,2,1
2665,2665,Kavya Nair,68,9,1,1,2
2666,2666,Basavaraj Setty,53,10,2,5,1
2667,2667,Pooja Sheikh,65,3,3,1,2
2668,2668,Vijayalakshmi Nair,45,4,7,2,2
2669,2669,Om Achar,54,7,3,4,1
2670,2670,Santosh Setty,58,11,4,2,1
2671,2671,Sunitha Achar,24,4,7,3,2
2672,2672,Zeenath Shetty,19,2,2,2,2
2673,2673,Zeenath Kumar,53,1,1,3,2
2674,2674,Om Reddy,68,3,5,4,1
2675,2675,Harish Naik,35,3,4,2,1
2676,2676,Lokesh Reddy,23,10,1,4,1
2677,2677,Om Nair,45,8,7,5,1
2678,2678,Yogesh Khan,57,7,5,5,1
2679,2679,Ravi Poojary,29,11,4,4,1
2680,2680,Santosh Naik,42,4,5,4,1
2681,2681,Raghu Patil,56,2,1,4,1
2682,2682,Zeenath Reddy,29,3,5,1,2
2683,2683,Zameer Fernandes,28,2,5,3,1
2684,2684,Meena Rao,51,1,5,4,2
2685,2685,Fatima Shetty,44,2,2,2,2
2686,2686,Ullas Fernandes,21,6,2,1,1
2687,2687,Chandru Kumar,26,10,5,4,1
2688,2688,Ravi Hegde,67,6,2,1,1
2689,2689,Basavaraj Gowda,39,1,5,3,1
2690,2690,Vani Setty,40,1,2,5,2
2691,2691,Triveni Gowda,24,9,6,3,2
2692,2692,Suresh Rao,63,11,4,5,1
2693,2693,Iqbal Khan,47,11,1,4,1
2694,2694,Ullas Gowda,25,1,2,1,1
2695,2695,Kavya Patil,30,10,1,5,2
2696,2696,Usha Shetty,56,9,1,3,2
2697,2697,Ayesha Patil,29,4,5,1,2
2698,2698,Roopa Shetty,39,2,4,1,2
2699,2699,Manjunath Shetty,55,11,5,2,1
2700,2700,Arjun Sheikh,44,6,4,4,1
2701,2701,Iqbal Rao,47,9,5,3,1
2702,2702,Chandru Rao,39,9,4,2,1
2703,2703,Deepa Shetty,24,8,4,1,2
2704,2704,Kavya Kumar,56,4,7,3,2
2705,2705,Anthony Shetty,57,11,7,5,1
2706,2706,Meena Nair,58,9,2,1,2
2707,2707,Krishna Shetty,50,1,4,4,1
2708,2708,Venkatesh Rao,21,2,5,1,1
2709,2709,Santosh Khan,32,2,1,2,1
2710,2710,Vinay Poojary,62,2,6,1,1
2711,2711,Roopa Kumar,53,3,3,5,2
2712,2712,Deepa Patil,67,6,5,2,2
2713,2713,Shwetha Shetty,42,11,7,5,2
2714,2714,Deepa Khan,68,9,1,3,2
2715,2715,Santosh Gowda,45,10,1,5,1
2716,2716,Prakash Setty,37,1,2,1,1
2717,2717,Usha Naik,63,6,4,4,2
2718,2718,Roopa Naik,39,6,5,3,2
2719,2719,Ravi Shetty,22,11,3,5,1
2720,2720,Kavya Shetty,35,9,7,3,2
2721,2721,Sowmya Nair,27,2,2,2,2
2722,2722,Kavya Nair,22,2,4,2,2
2723,2723,Triveni Reddy,43,5,7,3,2
2724,2724,Latha Naik,65,3,7,1,2
2725,2725,Yamuna Reddy,37,6,1,4,2
2726,2726,Fatima Shetty,59,4,5,5,2
2727,2727,Anthony Achar,37,9,5,2,1
2728,2728,Radha Patil,66,9,4,1,2
2729,2729,Manjunath Hegde,20,4,3,5,1
2730,2730,Roopa Sheikh,41,2,3,5,2
2731,2731,Krishna Poojary,30,3,2,4,1
2732,2732,Manjunath Setty,23,5,6,3,1
2733,2733,Basavaraj Kumar,55,9,1,4,1
2734,2734,Santosh Reddy,30,4,5,4,1
2735,2735,Kavya Hegde,40,6,5,3,2
2736,2736,Shankar Rao,49,5,2,4,1
2737,2737,Vani Kumar,53,11,3,5,2
2738,2738,Manjunath Poojary,29,5,1,3,1
2739,2739,Krishna Achar,32,6,4,5,1
2740,2740,Jagadish Nair,39,9,1,4,1
2741,2741,Yamuna Achar,29,6,5,4,2
2742,2742,Radha Patil,59,11,3,2,2
2743,2743,Lokesh Hegde,42,7,7,3,1
2744,2744,Usha Khan,28,9,6,4,2
2745,2745,Zeenath Achar,63,1,7,4,2
2746,2746,Vijayalakshmi Fernandes,51,10,4,2,2
2747,2747,Basavaraj Khan,47,2,5,1,1
2748,2748,Anthony Kumar,29,2,2,5,1
2749,2749,Prakash Reddy,53,1,3,2,1
2750,2750,Puneeth Hegde,24,10,5,1,1
2751,2751,Zameer Shetty,44,11,5,2,1
2752,2752,Triveni Kumar,37,5,5,1,2
2753,2753,Radha Patil,49,9,7,1,2
2754,2754,Zeenath Shetty,59,5,1,3,2
2755,2755,Triveni Hegde,34,10,1,2,2
2756,2756,Jagadish Shetty,68,6,7,1,1
2757,2757,Iqbal Kumar,20,9,3,1,1
2758,2758,Anitha Gowda,23,11,2,5,2
2759,2759,Raghu Achar,45,11,5,4,1
2760,2760,Meena Nair,54,2,6,3,2
2761,2761,Pooja Setty,26,7,4,5,2
2762,2762,Ullas Reddy,24,2,6,2,1
2763,2763,Vani Nair,68,9,7,2,2
2764,2764,Iqbal Fernandes,62,10,3,5,1
2765,2765,Zeenath Setty,54,3,5,4,2
2766,2766,Yusuf Nair,33,4,7,5,1
2767,2767,Roopa Setty,26,4,1,2,2
2768,2768,Sowmya Setty,37,7,2,4,2
2769,2769,Ayesha Fernandes,64,3,5,4,2
2770,2770,Radha Reddy,47,1,2,2,2
2771,2771,Roopa Rao,46,2,7,4,2
2772,2772,Vani Achar,61,9,3,3,2
2773,2773,Harish Naik,42,5,1,1,1
2774,2774,Suresh Sheikh,34,6,6,2,1
2775,2775,Lokesh Khan,45,7,2,1,1
2776,2776,Shwetha Nair,41,7,7,2,2
2777,2777,Mahesh Khan,29,9,2,3,1
2778,2778,Thimmaiah Shetty,55,4,7,5,1
2779,2779,Ullas Rao,56,1,5,4,1
2780,2780,Puneeth Sheikh,21,3,7,1,1
2781,2781,Naveen Hegde,19,9,5,4,1
2782,2782,Yamuna Poojary,41,1,7,1,2
2783,2783,Mahesh Gowda,25,8,6,5,1
2784,2784,Roopa Kumar,27,6,7,2,2
2785,2785,Basavaraj Achar,49,8,4,3,1
2786,2786,Vinay Gowda,22,10,1,5,1
2787,2787,Latha Patil,36,4,2,1,2
2788,2788,Roopa Naik,51,4,3,2,2
2789,2789,Vinay Khan,37,3,2,1,1
2790,2790,Radha Nair,22,5,7,5,2
2791,2791,Vijayalakshmi Gowda,30,2,4,5,2
2792,2792,Pooja Hegde,62,8,7,5,2
2793,2793,Meena Hegde,49,7,2,1,2
2794,2794,Thimmaiah Rao,67,2,3,1,1
2795,2795,Vijayalakshmi Khan,47,7,4,3,2
2796,2796,Latha Achar,43,9,2,3,2
2797,2797,Suresh Reddy,53,11,7,1,1
2798,2798,Anthony Poojary,28,4,7,1,1
2799,2799,Nandini Rao,58,11,5,5,2
2800,2800,Harish Setty,24,10,1,5,1
2801,2801,Ayesha Patil,41,6,5,5,2
2802,2802,Latha Gowda,38,11,4,1,2
2803,2803,Imran Khan,56,4,5,5,1
2804,2804,Gopal Hegde,34,10,1,4,1
2805,2805,Ayesha Reddy,32,10,1,4,2
2806,2806,Yogesh Fernandes,67,7,6,1,1
2807,2807,Nataraj Shetty,35,2,1,3,1
2808,2808,Santosh Nair,42,5,5,3,1
2809,2809,Zeenath Hegde,57,4,3,5,2
2810,2810,Latha Nair,54,1,1,2,2
2811,2811,Raghu Achar,27,3,6,5,1
2812,2812,Sowmya Nair,45,11,4,4,2
2813,2813,Imran Kumar,33,11,4,1,1
2814,2814,Venkatesh Naik,47,3,1,3,1
2815,2815,Yamuna Setty,61,8,6,1,2
2816,2816,Yamuna Patil,26,11,5,3,2
2817,2817,Usha Khan,50,11,1,5,2
2818,2818,Ravi Patil,26,5,6,3,1
2819,2819,Prakash Patil,22,10,4,4,1
2820,2820,Anthony Sheikh,65,6,3,2,1
2821,2821,Usha Patil,47,3,3,2,2
2822,2822,Krishna Patil,67,5,2,5,1
2823,2823,Shwetha Poojary,25,3,7,3,2
2824,2824,Deepa Hegde,50,5,2,5,2
2825,2825,Zeenath Khan,65,3,4,5,2
2826,2826,Santosh Naik,36,1,5,5,1
2827,2827,Anitha Reddy,45,9,4,5,2
2828,2828,Vinay Fernandes,32,8,1,1,1
2829,2829,Deepa Patil,42,6,1,1,2
2830,2830,Anitha Achar,56,7,1,5,2
2831,2831,Harish Khan,46,3,7,5,1
2832,2832,Vani Nair,60,9,3,1,2
2833,2833,Sowmya Achar,59,2,3,2,2
2834,2834,Ayesha Reddy,42,5,1,1,2
2835,2835,Vijayalakshmi Patil,41,11,6,1,2
2836,2836,Mahesh Reddy,64,7,4,3,1
2837,2837,Pooja Fernandes,58,6,4,4,2
2838,2838,Arjun Kumar,61,7,6,5,1
2839,2839,Vijayalakshmi Shetty,32,5,1,3,2
2840,2840,Meena Achar,65,10,5,2,2
2841,2841,Fatima Gowda,60,8,6,2,2
2842,2842,Thimmaiah Kumar,26,10,6,1,1
2843,2843,Yogesh Kumar,24,6,2,4,1
2844,2844,Sowmya Khan,52,9,7,5,2
2845,2845,Anitha Gowda,39,7,4,3,2
2846,2846,Meena Sheikh,40,11,3,3,2
2847,2847,Yamuna Achar,55,2,3,4,2
2848,2848,Sunitha Nair,28,9,5,2,2
2849,2849,Iqbal Kumar,64,11,7,2,1
2850,2850,Nandini Khan,25,1,3,5,2
2851,2851,Ayesha Fernandes,28,9,6,4,2
2852,2852,Fatima Achar,51,8,2,3,2
2853,2853,Fatima Fernandes,19,1,2,5,2
2854,2854,Naveen Reddy,42,8,5,5,1
2855,2855,Pooja Hegde,59,10,1,5,2
2856,2856,Krishna Khan,31,4,6,4,1
2857,2857,Zeenath Patil,37,4,1,3,2
2858,2858,Nandini Shetty,30,5,2,2,2
2859,2859,Pooja Gowda,53,4,6,4,2
2860,2860,Pooja Nair,36,8,3,5,2
2861,2861,Yogesh Poojary,68,4,3,1,1
2862,2862,Imran Nair,28,1,1,4,1
2863,2863,Pooja Reddy,20,1,2,4,2
2864,2864,Fatima Setty,48,4,5,1,2
2865,2865,Deepa Khan,33,10,3,1,2
2866,2866,Fatima Patil,25,6,5,3,2
2867,2867,Roopa Hegde,67,4,7,1,2
2868,2868,Yamuna Rao,65,9,3,3,2
2869,2869,Roopa Setty,35,8,5,1,2
2870,2870,Zameer Nair,62,4,3,1,1
2871,2871,Nataraj Gowda,66,9,3,1,1
2872,2872,Sunitha Khan,38,8,4,3,2
2873,2873,Om Nair,26,11,5,5,1
2874,2874,Zameer Khan,39,2,4,5,1
2875,2875,Imran Poojary,60,11,3,3,1
2876,2876,Basavaraj Naik,47,1,1,3,1
2877,2877,Usha Shetty,31,11,6,5,2
2878,2878,Zameer Naik,31,8,6,5,1
2879,2879,Vijayalakshmi Sheikh,26,1,6,4,2
2880,2880,Mahesh Reddy,38,5,1,3,1
2881,2881,Ayesha Gowda,47,9,1,2,2
2882,2882,Manjunath Sheikh,42,2,1,3,1
2883,2883,Yamuna Patil,38,11,6,1,2
2884,2884,Vani Achar,62,10,7,2,2
2885,2885,Puneeth Shetty,39,4,5,2,1
2886,2886,Fatima Achar,35,11,6,1,2
2887,2887,Yusuf Khan,44,3,3,4,1
2888,2888,Kavya Reddy,26,4,1,4,2
2889,2889,Nandini Sheikh,21,4,2,1,2
2890,2890,Chandru Fernandes,31,10,7,5,1
2891,2891,Usha Achar,38,5,1,1,2
2892,2892,Lokesh Setty,68,2,1,4,1
2893,2893,Krishna Reddy,35,9,6,1,1
2894,2894,Suresh Kumar,59,7,2,4,1
2895,2895,Yusuf Nair,40,7,6,4,1
2896,2896,Vani Gowda,33,7,5,4,2
